EmployeeID,Month,TasksCompleted,HoursWorked,QualityScore,EfficiencyRating
E0012,2022-01-01,21,109,75.96,0.66
E0023,2022-02-01,91,135,78.66,1.08
E0031,2022-03-01,45,145,72.61,0.93
E0018,2022-04-01,97,117,88.01,0.56
E0007,2022-05-01,70,80,77.2,1.39
E0008,2022-06-01,47,103,96.45,1.34
E0019,2022-07-01,63,93,87.74,0.71
E0029,2022-08-01,39,88,76.65,1.33
E0044,2022-09-01,65,133,70.22,1.29
E0020,2022-10-01,63,93,73.5,1.24
E0050,2022-11-01,87,88,76.92,0.74
E0042,2022-12-01,28,86,86.58,0.54
E0030,2023-01-01,66,107,75.79,1.32
E0047,2023-02-01,84,117,90.48,1.29
E0022,2023-03-01,40,115,72.66,0.69
E0010,2023-04-01,25,120,81.99,0.76
E0026,2023-05-01,44,106,77.1,0.74
E0033,2023-06-01,22,156,94.09,1.02
E0028,2023-07-01,91,137,73.84,1.23
E0010,2023-08-01,95,125,73.62,0.78
E0029,2023-09-01,48,138,93.45,0.68
E0044,2023-10-01,85,103,80.55,1.22
E0018,2023-11-01,34,152,93.62,1.44
E0042,2023-12-01,41,98,89.94,0.86
E0001,2022-01-01,89,154,72.65,0.98
E0023,2022-02-01,53,95,99.13,1.41
E0017,2022-03-01,22,144,97.91,1.27
E0043,2022-04-01,47,83,94.06,0.67
E0037,2022-05-01,39,100,95.15,0.71
E0031,2022-06-01,35,127,88.62,0.55
E0025,2022-07-01,91,142,97.6,0.77
E0004,2022-08-01,49,104,82.47,0.97
E0009,2022-09-01,55,120,96.8,0.8
E0028,2022-10-01,68,89,83.75,0.97
E0030,2022-11-01,69,152,93.45,1.12
E0047,2022-12-01,76,151,84.27,1.43
E0024,2023-01-01,83,121,90.92,1.42
E0033,2023-02-01,78,99,82.98,1.12
E0020,2023-03-01,25,147,81.44,0.87
E0009,2023-04-01,71,158,89.56,0.76
E0008,2023-05-01,81,146,93.45,1.11
E0024,2023-06-01,37,104,72.44,1.15
E0014,2023-07-01,65,115,77.92,0.77
E0018,2023-08-01,82,126,87.66,0.56
E0001,2023-09-01,42,112,78.82,0.85
E0012,2023-10-01,29,114,87.43,1.45
E0029,2023-11-01,25,122,99.8,0.72
E0037,2023-12-01,96,117,96.55,0.81
E0026,2022-01-01,81,135,87.33,0.79
E0033,2022-02-01,62,115,72.05,1.2
E0043,2022-03-01,36,145,94.69,1.24
E0015,2022-04-01,79,100,98.55,0.94
E0023,2022-05-01,37,126,73.83,1.41
E0029,2022-06-01,88,142,88.57,1.23
E0021,2022-07-01,80,142,74.45,1.39
E0019,2022-08-01,45,158,73.34,1.35
E0005,2022-09-01,34,110,81.01,1.27
E0023,2022-10-01,81,131,77.59,0.82
E0036,2022-11-01,73,84,92.08,0.64
E0020,2022-12-01,49,148,76.79,1.17
E0008,2023-01-01,90,86,95.39,1.2
E0009,2023-02-01,48,121,77.22,1.25
E0014,2023-03-01,94,83,89.78,1.31
E0006,2023-04-01,25,119,75.24,0.9
E0001,2023-05-01,75,107,87.46,0.87
E0009,2023-06-01,70,93,85.11,0.82
E0016,2023-07-01,73,124,87.14,0.93
E0016,2023-08-01,30,80,81.55,1.37
E0012,2023-09-01,63,154,97.91,0.5
E0005,2023-10-01,79,158,79.32,1.05
E0040,2023-11-01,50,80,97.24,0.72
E0029,2023-12-01,79,80,92.41,1.07
E0046,2022-01-01,34,91,80.99,0.59
E0027,2022-02-01,68,109,83.76,0.58
E0011,2022-03-01,76,85,96.18,0.69
E0047,2022-04-01,85,149,75.41,1.49
E0050,2022-05-01,27,137,74.63,1.15
E0028,2022-06-01,89,110,87.02,0.93
E0036,2022-07-01,35,98,99.45,0.8
E0042,2022-08-01,72,96,85.0,1.08
E0019,2022-09-01,52,155,88.46,0.95
E0035,2022-10-01,98,89,88.77,0.96
E0031,2022-11-01,54,89,90.7,0.88
E0044,2022-12-01,49,156,90.21,0.74
E0019,2023-01-01,71,144,96.26,0.58
E0046,2023-02-01,73,108,82.99,1.19
E0024,2023-03-01,24,157,98.41,0.68
E0002,2023-04-01,84,138,93.35,0.93
E0007,2023-05-01,46,128,78.23,1.09
E0043,2023-06-01,25,107,78.68,0.65
E0049,2023-07-01,37,105,81.96,1.1
E0031,2023-08-01,88,156,99.13,0.86
E0017,2023-09-01,76,104,70.7,0.76
E0027,2023-10-01,52,85,72.41,1.05
E0036,2023-11-01,92,114,83.05,1.49
E0050,2023-12-01,93,156,87.9,1.27
E0043,2022-01-01,51,139,98.2,0.79
E0010,2022-02-01,93,123,93.83,1.0
E0045,2022-03-01,68,159,71.15,0.91
E0014,2022-04-01,52,139,72.91,1.03
E0007,2022-05-01,34,101,74.63,1.19
E0039,2022-06-01,81,92,93.9,1.29
E0040,2022-07-01,52,85,79.92,1.46
E0009,2022-08-01,76,100,93.97,0.8
E0014,2022-09-01,48,111,70.14,0.82
E0008,2022-10-01,63,103,86.82,0.52
E0017,2022-11-01,70,99,88.88,0.8
E0023,2022-12-01,66,127,85.49,1.44
E0016,2023-01-01,92,86,94.64,1.33
E0026,2023-02-01,57,148,81.28,0.62
E0009,2023-03-01,22,153,88.24,1.46
E0036,2023-04-01,37,104,73.45,1.39
E0007,2023-05-01,35,127,93.0,1.36
E0018,2023-06-01,87,112,73.8,1.42
E0008,2023-07-01,42,154,92.7,1.03
E0021,2023-08-01,27,96,79.51,1.47
E0026,2023-09-01,75,102,70.44,0.53
E0003,2023-10-01,69,108,83.47,1.06
E0017,2023-11-01,46,108,91.47,0.87
E0046,2023-12-01,24,158,97.04,1.06
E0024,2022-01-01,46,85,92.88,1.4
E0025,2022-02-01,80,146,86.48,0.95
E0005,2022-03-01,98,115,80.71,0.73
E0037,2022-04-01,38,155,86.75,0.86
E0045,2022-05-01,56,131,96.55,0.95
E0050,2022-06-01,40,157,95.87,0.95
E0024,2022-07-01,23,136,70.29,0.84
E0031,2022-08-01,38,85,90.21,0.96
E0026,2022-09-01,97,109,74.59,0.85
E0021,2022-10-01,71,133,94.11,0.8
E0034,2022-11-01,69,145,95.35,1.36
E0038,2022-12-01,51,141,95.91,1.35
E0024,2023-01-01,38,106,78.72,0.78
E0028,2023-02-01,32,108,89.49,1.39
E0030,2023-03-01,91,119,72.89,0.92
E0034,2023-04-01,65,127,99.23,0.85
E0023,2023-05-01,85,112,82.28,0.71
E0008,2023-06-01,36,84,86.35,1.21
E0042,2023-07-01,65,134,85.12,0.53
E0050,2023-08-01,57,80,89.08,1.1
E0010,2023-09-01,70,91,72.34,0.53
E0001,2023-10-01,44,131,72.7,0.79
E0020,2023-11-01,68,148,72.33,1.47
E0037,2023-12-01,96,106,75.52,1.09
E0018,2022-01-01,24,95,82.08,0.79
E0021,2022-02-01,71,96,81.9,0.79
E0049,2022-03-01,66,150,79.34,0.63
E0004,2022-04-01,60,82,93.05,0.83
E0043,2022-05-01,34,97,95.33,0.95
E0002,2022-06-01,30,145,72.8,1.21
E0021,2022-07-01,47,112,73.86,1.07
E0037,2022-08-01,98,118,70.55,0.54
E0005,2022-09-01,33,148,74.08,0.85
E0017,2022-10-01,24,84,80.91,0.55
E0049,2022-11-01,35,159,88.3,1.44
E0048,2022-12-01,49,101,84.39,0.93
E0011,2023-01-01,98,90,99.17,1.1
E0046,2023-02-01,62,96,70.31,1.23
E0041,2023-03-01,45,82,90.33,0.5
E0031,2023-04-01,95,126,75.34,0.61
E0028,2023-05-01,42,141,82.84,1.04
E0044,2023-06-01,63,126,91.89,1.1
E0032,2023-07-01,75,112,71.73,1.22
E0021,2023-08-01,22,103,72.48,0.61
E0007,2023-09-01,45,141,92.93,0.86
E0010,2023-10-01,20,81,82.2,1.25
E0028,2023-11-01,76,116,96.54,0.74
E0048,2023-12-01,90,88,83.92,1.47
E0036,2022-01-01,82,127,90.62,1.47
E0020,2022-02-01,66,80,91.92,0.99
E0013,2022-03-01,97,115,85.07,0.63
E0019,2022-04-01,32,106,96.22,0.52
E0050,2022-05-01,82,142,88.27,0.62
E0011,2022-06-01,57,132,74.92,0.88
E0035,2022-07-01,51,102,83.85,0.84
E0034,2022-08-01,48,111,71.55,1.27
E0044,2022-09-01,79,81,99.82,1.07
E0004,2022-10-01,60,83,71.72,0.94
E0013,2022-11-01,49,83,78.27,0.64
E0037,2022-12-01,48,116,90.22,0.64
E0002,2023-01-01,72,122,77.68,1.26
E0050,2023-02-01,62,100,94.93,1.44
E0001,2023-03-01,30,85,78.54,0.76
E0040,2023-04-01,37,134,87.57,1.03
E0025,2023-05-01,20,83,94.37,1.32
E0037,2023-06-01,59,103,94.43,1.31
E0036,2023-07-01,58,128,96.83,1.14
E0006,2023-08-01,85,110,99.13,0.54
E0007,2023-09-01,68,87,92.08,0.66
E0004,2023-10-01,65,122,87.68,1.34
E0035,2023-11-01,69,92,94.11,1.31
E0041,2023-12-01,42,84,77.01,1.17
E0034,2022-01-01,85,107,81.76,1.08
E0029,2022-02-01,86,156,97.31,0.77
E0005,2022-03-01,52,154,99.69,1.16
E0027,2022-04-01,70,123,99.0,0.61
E0033,2022-05-01,90,133,81.06,1.45
E0046,2022-06-01,55,90,75.25,1.07
E0010,2022-07-01,43,123,78.58,0.57
E0006,2022-08-01,99,86,71.55,1.36
E0034,2022-09-01,47,151,70.23,1.07
E0008,2022-10-01,21,80,71.07,0.73
E0031,2022-11-01,29,131,90.15,0.55
E0009,2022-12-01,31,114,74.35,1.48
E0021,2023-01-01,84,103,84.3,1.0
E0008,2023-02-01,87,144,82.63,0.72
E0004,2023-03-01,81,151,97.51,1.08
E0022,2023-04-01,74,110,98.13,0.69
E0028,2023-05-01,56,98,94.79,0.76
E0045,2023-06-01,39,112,93.46,1.42
E0004,2023-07-01,89,82,95.13,0.8
E0039,2023-08-01,82,118,97.9,1.03
E0021,2023-09-01,88,92,86.99,0.79
E0008,2023-10-01,61,144,83.43,0.92
E0020,2023-11-01,36,152,95.09,1.09
E0032,2023-12-01,77,83,83.01,1.26
E0001,2022-01-01,25,93,78.57,0.51
E0006,2022-02-01,42,83,84.77,0.71
E0028,2022-03-01,23,150,80.84,1.3
E0044,2022-04-01,28,86,87.38,0.76
E0031,2022-05-01,82,100,85.03,0.61
E0010,2022-06-01,61,138,86.01,0.83
E0020,2022-07-01,94,82,71.25,1.18
E0008,2022-08-01,31,127,77.15,1.15
E0022,2022-09-01,54,132,79.93,1.35
E0038,2022-10-01,69,138,73.07,1.44
E0029,2022-11-01,91,137,87.95,1.17
E0009,2022-12-01,59,123,75.07,1.36
E0044,2023-01-01,78,113,74.35,0.76
E0047,2023-02-01,25,149,84.62,0.94
E0001,2023-03-01,93,159,83.11,0.82
E0041,2023-04-01,32,104,89.11,1.27
E0039,2023-05-01,79,140,99.1,1.25
E0026,2023-06-01,98,144,71.21,0.9
E0011,2023-07-01,35,141,84.76,1.17
E0035,2023-08-01,24,157,94.45,0.51
E0024,2023-09-01,42,92,80.44,1.41
E0033,2023-10-01,72,150,82.25,0.92
E0020,2023-11-01,86,129,73.37,1.41
E0027,2023-12-01,91,83,85.84,0.55
E0015,2022-01-01,92,112,71.53,0.58
E0033,2022-02-01,25,129,79.06,1.0
E0007,2022-03-01,59,93,90.02,0.72
E0034,2022-04-01,99,155,92.5,1.23
E0045,2022-05-01,99,97,78.04,1.18
E0046,2022-06-01,61,148,86.21,1.13
E0042,2022-07-01,42,127,85.71,1.34
E0005,2022-08-01,39,154,91.94,1.35
E0030,2022-09-01,82,118,81.69,0.77
E0028,2022-10-01,49,128,79.81,0.72
E0018,2022-11-01,29,116,73.59,1.18
E0036,2022-12-01,31,105,83.23,0.61
E0003,2023-01-01,46,115,79.61,0.7
E0021,2023-02-01,92,151,75.88,1.39
E0046,2023-03-01,21,144,74.89,1.14
E0016,2023-04-01,66,144,79.9,0.7
E0037,2023-05-01,75,88,93.75,1.18
E0042,2023-06-01,30,147,93.54,0.69
E0005,2023-07-01,94,86,99.36,1.14
E0050,2023-08-01,44,87,82.59,0.72
E0014,2023-09-01,63,131,96.61,1.21
E0031,2023-10-01,33,157,98.01,1.48
E0046,2023-11-01,98,97,80.87,0.99
E0024,2023-12-01,75,83,84.65,1.16
E0035,2022-01-01,25,88,80.19,1.5
E0036,2022-02-01,43,127,73.22,0.9
E0010,2022-03-01,62,123,82.06,1.31
E0027,2022-04-01,69,141,98.9,0.6
E0027,2022-05-01,95,83,94.67,0.51
E0023,2022-06-01,76,124,92.86,1.47
E0013,2022-07-01,63,155,73.03,1.11
E0016,2022-08-01,44,129,70.32,0.87
E0035,2022-09-01,41,130,74.2,0.96
E0027,2022-10-01,38,90,81.67,0.61
E0039,2022-11-01,83,123,97.63,0.53
E0047,2022-12-01,49,159,74.0,1.26
E0017,2023-01-01,57,142,87.17,1.04
E0048,2023-02-01,69,142,86.07,1.4
E0041,2023-03-01,60,115,74.83,1.11
E0001,2023-04-01,31,108,93.78,0.97
E0011,2023-05-01,76,139,71.05,1.1
E0012,2023-06-01,83,154,72.36,1.14
E0014,2023-07-01,34,81,95.37,0.84
E0008,2023-08-01,52,101,80.38,1.13
E0031,2023-09-01,85,105,99.52,0.84
E0007,2023-10-01,85,90,77.09,1.41
E0046,2023-11-01,56,121,97.01,0.72
E0031,2023-12-01,45,93,87.21,0.74
E0016,2022-01-01,96,131,81.8,1.24
E0042,2022-02-01,92,146,93.08,1.28
E0039,2022-03-01,70,87,95.2,1.01
E0044,2022-04-01,32,120,79.38,1.18
E0019,2022-05-01,44,136,84.31,0.84
E0008,2022-06-01,39,117,90.27,0.73
E0029,2022-07-01,87,126,90.94,1.14
E0002,2022-08-01,30,135,79.01,1.03
E0042,2022-09-01,27,86,72.78,1.39
E0003,2022-10-01,72,80,81.73,0.99
E0029,2022-11-01,34,88,80.34,0.61
E0015,2022-12-01,92,117,72.69,1.29
E0038,2023-01-01,66,147,81.8,0.87
E0028,2023-02-01,55,126,87.13,0.75
E0037,2023-03-01,43,121,99.89,1.04
E0032,2023-04-01,81,143,92.71,0.61
E0030,2023-05-01,73,137,79.92,0.55
E0047,2023-06-01,32,119,82.47,1.12
E0030,2023-07-01,65,145,73.54,0.54
E0034,2023-08-01,27,131,94.14,1.1
E0013,2023-09-01,67,141,86.97,0.76
E0033,2023-10-01,59,149,84.2,1.47
E0042,2023-11-01,39,138,83.64,1.01
E0017,2023-12-01,70,120,76.98,1.27
E0003,2022-01-01,85,153,78.22,0.94
E0009,2022-02-01,63,133,79.71,1.44
E0011,2022-03-01,98,87,70.05,0.52
E0049,2022-04-01,76,127,86.24,1.4
E0027,2022-05-01,92,149,99.7,0.6
E0028,2022-06-01,70,121,79.85,0.53
E0002,2022-07-01,54,108,84.33,1.34
E0001,2022-08-01,31,91,96.39,1.01
E0006,2022-09-01,31,83,86.04,0.5
E0025,2022-10-01,56,98,87.86,0.6
E0035,2022-11-01,69,115,80.74,0.63
E0016,2022-12-01,96,126,84.26,0.88
E0004,2023-01-01,94,97,85.56,1.43
E0047,2023-02-01,68,107,92.87,0.89
E0038,2023-03-01,94,134,96.19,1.13
E0044,2023-04-01,31,153,89.91,1.49
E0020,2023-05-01,54,99,83.5,0.82
E0025,2023-06-01,94,151,95.34,1.19
E0007,2023-07-01,96,151,76.69,1.37
E0021,2023-08-01,59,123,80.54,0.73
E0007,2023-09-01,30,124,78.65,0.61
E0029,2023-10-01,22,126,82.81,1.01
E0007,2023-11-01,95,114,92.33,1.44
E0003,2023-12-01,66,113,75.03,1.37
E0029,2022-01-01,71,154,96.55,0.72
E0029,2022-02-01,61,149,86.78,1.45
E0039,2022-03-01,23,126,82.67,0.9
E0038,2022-04-01,36,112,73.94,1.36
E0006,2022-05-01,83,119,88.41,0.61
E0046,2022-06-01,84,110,79.53,0.91
E0010,2022-07-01,33,127,91.92,1.04
E0037,2022-08-01,58,81,99.29,1.1
E0014,2022-09-01,24,112,75.59,1.39
E0022,2022-10-01,23,143,71.11,0.82
E0032,2022-11-01,39,125,76.08,0.63
E0018,2022-12-01,36,135,86.94,0.97
E0036,2023-01-01,91,144,73.93,0.59
E0046,2023-02-01,44,102,81.13,1.34
E0009,2023-03-01,31,107,75.84,1.03
E0026,2023-04-01,42,85,91.85,0.73
E0022,2023-05-01,80,115,70.1,0.63
E0046,2023-06-01,22,115,71.2,1.09
E0038,2023-07-01,28,147,91.95,1.25
E0023,2023-08-01,92,108,99.06,0.89
E0017,2023-09-01,58,89,87.72,1.28
E0026,2023-10-01,72,123,72.22,1.17
E0047,2023-11-01,83,83,93.92,0.55
E0038,2023-12-01,41,91,70.81,1.22
E0002,2022-01-01,24,131,76.0,1.07
E0006,2022-02-01,51,84,84.22,1.42
E0007,2022-03-01,95,109,87.96,0.59
E0013,2022-04-01,57,140,82.07,0.68
E0027,2022-05-01,27,124,89.15,1.16
E0011,2022-06-01,42,82,85.67,1.35
E0015,2022-07-01,62,149,97.22,0.71
E0009,2022-08-01,79,127,99.98,1.45
E0008,2022-09-01,74,156,91.91,1.39
E0046,2022-10-01,93,97,72.62,0.6
E0006,2022-11-01,71,159,79.9,1.45
E0048,2022-12-01,43,136,85.65,0.74
E0043,2023-01-01,45,121,77.87,1.13
E0004,2023-02-01,77,104,96.21,1.2
E0011,2023-03-01,89,83,75.89,0.83
E0028,2023-04-01,65,140,76.13,0.56
E0026,2023-05-01,71,126,97.15,1.18
E0004,2023-06-01,79,111,90.08,0.62
E0015,2023-07-01,64,150,88.5,0.53
E0019,2023-08-01,46,131,91.2,1.25
E0006,2023-09-01,63,127,76.46,0.61
E0005,2023-10-01,52,91,87.59,1.31
E0018,2023-11-01,50,142,90.68,1.49
E0006,2023-12-01,34,88,77.69,0.9
E0031,2022-01-01,91,142,95.21,1.15
E0025,2022-02-01,81,83,86.63,1.43
E0004,2022-03-01,21,135,85.07,1.42
E0006,2022-04-01,67,134,95.84,0.81
E0041,2022-05-01,63,121,75.62,0.53
E0037,2022-06-01,35,134,70.58,0.79
E0050,2022-07-01,88,105,93.12,0.69
E0025,2022-08-01,94,86,76.64,0.86
E0034,2022-09-01,59,151,73.4,0.78
E0019,2022-10-01,20,143,77.6,1.34
E0034,2022-11-01,78,149,74.72,1.02
E0015,2022-12-01,32,118,77.95,0.63
E0050,2023-01-01,63,147,72.67,0.89
E0008,2023-02-01,74,87,84.44,1.17
E0044,2023-03-01,67,123,90.82,1.38
E0047,2023-04-01,42,103,97.19,0.96
E0049,2023-05-01,51,109,92.36,1.42
E0034,2023-06-01,54,131,73.26,1.3
E0018,2023-07-01,62,97,86.05,0.58
E0030,2023-08-01,88,136,72.38,1.31
E0013,2023-09-01,82,123,87.18,0.59
E0047,2023-10-01,56,113,85.85,1.42
E0033,2023-11-01,64,128,70.2,1.22
E0035,2023-12-01,90,158,92.61,0.73
E0024,2022-01-01,26,122,89.24,0.67
E0026,2022-02-01,68,81,83.61,0.96
E0047,2022-03-01,29,133,97.57,1.15
E0044,2022-04-01,48,144,83.58,0.7
E0042,2022-05-01,97,136,83.83,1.46
E0047,2022-06-01,76,95,74.88,0.65
E0001,2022-07-01,29,152,89.95,1.36
E0013,2022-08-01,86,100,75.06,0.76
E0010,2022-09-01,29,141,79.29,0.55
E0019,2022-10-01,56,143,90.98,1.1
E0005,2022-11-01,48,134,79.18,0.94
E0008,2022-12-01,84,123,88.08,0.8
E0004,2023-01-01,94,105,99.3,0.82
E0049,2023-02-01,33,80,71.29,1.18
E0013,2023-03-01,22,129,81.83,0.97
E0038,2023-04-01,57,119,96.99,1.0
E0046,2023-05-01,91,82,87.7,0.55
E0049,2023-06-01,23,150,98.25,1.2
E0046,2023-07-01,70,83,98.51,1.02
E0019,2023-08-01,81,110,94.82,1.3
E0050,2023-09-01,48,93,80.44,1.04
E0008,2023-10-01,55,100,70.8,0.76
E0027,2023-11-01,73,155,98.61,0.63
E0050,2023-12-01,46,91,76.12,1.01
E0047,2022-01-01,62,85,77.28,1.45
E0030,2022-02-01,66,96,89.98,0.68
E0004,2022-03-01,89,157,91.07,1.1
E0011,2022-04-01,48,142,98.77,1.08
E0021,2022-05-01,63,88,87.86,0.78
E0043,2022-06-01,82,107,83.21,1.3
E0002,2022-07-01,94,86,73.73,1.2
E0021,2022-08-01,94,122,95.72,1.01
E0017,2022-09-01,29,84,71.33,1.12
E0043,2022-10-01,95,95,95.57,1.15
E0029,2022-11-01,58,140,80.09,1.46
E0027,2022-12-01,51,80,97.24,0.7
E0024,2023-01-01,42,119,95.52,1.05
E0049,2023-02-01,77,117,90.97,1.34
E0003,2023-03-01,41,86,70.64,0.62
E0039,2023-04-01,81,138,90.75,1.49
E0010,2023-05-01,61,105,86.85,1.26
E0003,2023-06-01,61,156,77.57,0.75
E0045,2023-07-01,43,144,87.31,1.47
E0042,2023-08-01,72,142,95.49,0.73
E0026,2023-09-01,43,132,76.32,1.36
E0037,2023-10-01,92,130,80.19,0.75
E0027,2023-11-01,61,129,72.65,1.32
E0005,2023-12-01,80,108,93.35,0.83
E0042,2022-01-01,67,151,72.98,1.5
E0011,2022-02-01,35,145,97.36,1.31
E0013,2022-03-01,56,130,85.33,0.75
E0041,2022-04-01,85,87,78.2,1.26
E0034,2022-05-01,62,106,72.1,1.07
E0038,2022-06-01,20,120,94.53,0.73
E0040,2022-07-01,26,141,81.77,0.62
E0033,2022-08-01,87,128,96.54,0.94
E0034,2022-09-01,51,102,91.62,0.67
E0027,2022-10-01,49,94,72.52,1.34
E0036,2022-11-01,36,143,93.16,0.82
E0026,2022-12-01,87,132,94.68,0.66
E0025,2023-01-01,46,87,73.01,1.22
E0019,2023-02-01,26,116,90.11,0.74
E0021,2023-03-01,31,150,76.63,1.19
E0031,2023-04-01,75,100,80.06,0.9
E0029,2023-05-01,63,118,74.21,0.89
E0009,2023-06-01,87,84,71.31,0.6
E0019,2023-07-01,40,96,95.73,0.5
E0026,2023-08-01,34,136,97.99,1.45
E0025,2023-09-01,34,94,91.65,0.51
E0040,2023-10-01,83,95,74.93,1.24
E0043,2023-11-01,63,94,70.03,1.18
E0029,2023-12-01,47,90,80.9,0.92
E0025,2022-01-01,40,84,86.36,1.04
E0019,2022-02-01,43,132,82.51,0.93
E0004,2022-03-01,54,155,90.03,1.18
E0045,2022-04-01,52,133,78.35,1.22
E0020,2022-05-01,85,147,78.7,0.78
E0046,2022-06-01,42,124,70.18,1.35
E0001,2022-07-01,41,82,89.25,1.02
E0011,2022-08-01,77,140,95.38,1.34
E0004,2022-09-01,88,146,97.49,1.43
E0007,2022-10-01,65,103,87.61,1.0
E0028,2022-11-01,59,108,75.75,1.26
E0036,2022-12-01,44,133,82.31,1.05
E0007,2023-01-01,37,98,80.73,0.92
E0020,2023-02-01,72,139,71.72,0.89
E0035,2023-03-01,28,145,70.42,1.08
E0039,2023-04-01,25,148,79.32,0.88
E0021,2023-05-01,30,116,91.28,1.3
E0044,2023-06-01,82,104,89.53,0.71
E0001,2023-07-01,49,156,92.96,0.77
E0037,2023-08-01,31,114,96.26,1.04
E0046,2023-09-01,50,136,98.46,0.8
E0042,2023-10-01,91,143,93.94,1.21
E0003,2023-11-01,78,153,71.22,1.03
E0034,2023-12-01,62,116,99.06,0.59
E0013,2022-01-01,91,121,79.44,1.26
E0016,2022-02-01,45,86,96.51,0.72
E0034,2022-03-01,74,97,74.03,1.44
E0024,2022-04-01,45,111,89.67,0.94
E0013,2022-05-01,65,86,79.64,1.24
E0006,2022-06-01,23,130,93.82,1.29
E0039,2022-07-01,57,96,73.86,1.11
E0002,2022-08-01,53,110,85.24,0.74
E0011,2022-09-01,80,108,99.46,0.64
E0007,2022-10-01,27,155,91.77,1.23
E0007,2022-11-01,80,112,73.81,0.75
E0039,2022-12-01,57,118,89.75,0.78
E0039,2023-01-01,36,109,90.14,1.14
E0012,2023-02-01,65,82,94.77,1.49
E0022,2023-03-01,59,156,78.9,1.03
E0003,2023-04-01,53,98,74.4,0.84
E0013,2023-05-01,85,144,95.4,0.53
E0030,2023-06-01,93,121,80.95,1.32
E0010,2023-07-01,88,102,83.18,1.18
E0009,2023-08-01,44,97,98.79,1.24
E0006,2023-09-01,26,122,83.75,0.63
E0044,2023-10-01,80,84,72.45,1.1
E0002,2023-11-01,81,84,89.83,0.63
E0044,2023-12-01,79,98,91.5,0.6
E0016,2022-01-01,94,149,84.02,1.24
E0013,2022-02-01,49,94,91.09,1.3
E0048,2022-03-01,48,90,81.88,1.05
E0013,2022-04-01,44,130,97.02,0.64
E0022,2022-05-01,23,114,93.12,1.25
E0019,2022-06-01,41,83,78.38,0.61
E0026,2022-07-01,26,88,84.16,1.08
E0014,2022-08-01,41,148,91.67,1.23
E0031,2022-09-01,47,87,86.03,1.21
E0029,2022-10-01,46,115,85.6,1.21
E0045,2022-11-01,84,159,95.28,0.54
E0042,2022-12-01,23,126,89.58,1.4
E0022,2023-01-01,73,125,98.21,0.98
E0007,2023-02-01,57,147,78.15,0.64
E0037,2023-03-01,27,138,72.99,1.0
E0049,2023-04-01,95,83,75.58,1.0
E0041,2023-05-01,31,150,75.69,1.21
E0027,2023-06-01,22,146,86.63,0.74
E0031,2023-07-01,74,104,85.36,0.77
E0006,2023-08-01,25,135,87.82,0.58
E0016,2023-09-01,37,139,76.03,0.61
E0038,2023-10-01,98,115,77.18,0.92
E0038,2023-11-01,25,83,71.71,1.04
E0050,2023-12-01,98,151,70.76,1.4
E0032,2022-01-01,50,107,80.66,1.21
E0033,2022-02-01,23,146,92.39,1.49
E0049,2022-03-01,20,151,91.0,1.09
E0017,2022-04-01,64,90,89.96,1.44
E0033,2022-05-01,64,143,70.64,1.35
E0011,2022-06-01,81,85,98.46,0.53
E0013,2022-07-01,20,120,80.21,1.3
E0030,2022-08-01,37,132,83.02,0.72
E0001,2022-09-01,49,123,94.04,1.45
E0030,2022-10-01,54,145,72.75,0.62
E0027,2022-11-01,79,86,75.31,0.71
E0040,2022-12-01,41,108,79.77,0.8
E0023,2023-01-01,83,85,95.3,0.5
E0020,2023-02-01,37,154,90.57,0.51
E0006,2023-03-01,58,87,80.75,1.14
E0037,2023-04-01,99,109,98.0,0.56
E0020,2023-05-01,21,127,93.51,0.6
E0037,2023-06-01,35,140,70.31,0.93
E0006,2023-07-01,37,143,83.51,1.26
E0029,2023-08-01,73,146,82.75,0.85
E0013,2023-09-01,42,121,77.07,1.39
E0027,2023-10-01,97,109,78.45,0.68
E0050,2023-11-01,67,129,90.49,0.72
E0020,2023-12-01,86,140,77.21,0.54
E0013,2022-01-01,31,132,92.21,1.31
E0039,2022-02-01,29,105,84.08,1.27
E0008,2022-03-01,60,116,72.39,1.43
E0017,2022-04-01,74,99,82.2,1.36
E0030,2022-05-01,71,106,93.75,0.51
E0001,2022-06-01,67,136,73.88,1.13
E0024,2022-07-01,24,136,85.08,0.71
E0016,2022-08-01,30,108,75.59,0.56
E0011,2022-09-01,26,125,97.79,1.48
E0004,2022-10-01,64,85,86.46,0.8
E0004,2022-11-01,92,145,74.96,0.94
E0017,2022-12-01,28,114,86.77,0.97
E0049,2023-01-01,92,81,98.76,1.47
E0010,2023-02-01,38,94,94.89,1.0
E0021,2023-03-01,22,110,80.2,1.23
E0038,2023-04-01,89,89,92.31,0.77
E0049,2023-05-01,49,134,90.59,1.06
E0018,2023-06-01,47,107,92.45,1.01
E0010,2023-07-01,37,87,84.5,0.59
E0045,2023-08-01,78,156,97.57,1.36
E0016,2023-09-01,31,116,81.18,0.65
E0039,2023-10-01,69,118,98.88,0.93
E0015,2023-11-01,92,117,73.67,1.41
E0034,2023-12-01,23,100,97.97,1.1
E0005,2022-01-01,31,93,92.87,0.89
E0017,2022-02-01,77,120,98.66,1.29
E0037,2022-03-01,70,130,86.61,0.57
E0008,2022-04-01,35,134,98.1,1.26
E0024,2022-05-01,77,145,75.09,1.36
E0028,2022-06-01,23,152,70.9,1.28
E0047,2022-07-01,80,138,91.02,0.79
E0008,2022-08-01,59,153,95.9,0.84
E0023,2022-09-01,49,129,96.91,1.34
E0035,2022-10-01,73,97,71.84,0.73
E0031,2022-11-01,87,129,80.6,1.04
E0017,2022-12-01,76,137,83.33,1.06
E0028,2023-01-01,95,154,97.79,1.31
E0048,2023-02-01,99,93,78.79,0.52
E0048,2023-03-01,65,111,90.65,1.5
E0012,2023-04-01,99,101,76.6,0.64
E0024,2023-05-01,31,81,88.38,0.86
E0015,2023-06-01,25,123,73.39,1.17
E0040,2023-07-01,50,135,92.64,0.52
E0031,2023-08-01,78,150,71.34,1.0
E0027,2023-09-01,88,114,99.95,0.51
E0035,2023-10-01,79,126,94.04,0.75
E0018,2023-11-01,52,97,88.38,1.42
E0036,2023-12-01,57,92,93.06,0.81
E0008,2022-01-01,63,132,70.09,1.44
E0046,2022-02-01,80,127,82.85,0.89
E0049,2022-03-01,65,119,87.81,1.07
E0038,2022-04-01,49,128,99.29,1.24
E0005,2022-05-01,47,135,80.98,1.33
E0014,2022-06-01,47,105,99.11,0.55
E0038,2022-07-01,49,144,85.47,0.86
E0020,2022-08-01,92,140,72.08,0.56
E0044,2022-09-01,95,110,88.5,1.47
E0009,2022-10-01,98,159,94.66,0.77
E0033,2022-11-01,58,118,96.61,0.92
E0018,2022-12-01,31,128,85.87,0.92
E0006,2023-01-01,94,87,83.34,0.85
E0037,2023-02-01,52,117,89.14,0.63
E0002,2023-03-01,70,146,71.87,0.74
E0030,2023-04-01,60,157,98.25,1.12
E0006,2023-05-01,90,100,77.2,1.29
E0017,2023-06-01,50,126,88.82,1.34
E0039,2023-07-01,42,112,88.11,0.74
E0041,2023-08-01,95,132,91.65,0.69
E0023,2023-09-01,55,135,95.61,0.96
E0031,2023-10-01,88,99,77.58,0.98
E0020,2023-11-01,83,136,76.21,0.86
E0005,2023-12-01,24,102,92.39,0.85
E0021,2022-01-01,69,140,75.59,1.23
E0043,2022-02-01,49,114,98.68,1.48
E0011,2022-03-01,83,141,75.92,0.51
E0004,2022-04-01,81,134,85.79,0.61
E0023,2022-05-01,46,118,89.69,0.74
E0038,2022-06-01,93,128,75.12,1.38
E0030,2022-07-01,70,114,81.58,1.37
E0042,2022-08-01,37,141,93.37,0.91
E0041,2022-09-01,91,145,79.0,0.9
E0018,2022-10-01,76,134,80.33,0.94
E0041,2022-11-01,55,97,76.12,0.54
E0043,2022-12-01,93,132,92.76,1.37
E0031,2023-01-01,67,114,77.18,1.21
E0030,2023-02-01,68,123,78.13,0.82
E0034,2023-03-01,91,93,84.73,0.52
E0031,2023-04-01,87,97,75.75,0.68
E0047,2023-05-01,91,111,76.89,0.82
E0038,2023-06-01,82,101,97.79,0.8
E0025,2023-07-01,92,81,94.06,1.39
E0017,2023-08-01,57,149,78.06,1.3
E0036,2023-09-01,25,127,90.97,0.69
E0040,2023-10-01,75,118,80.93,1.41
E0030,2023-11-01,66,143,82.75,1.05
E0002,2023-12-01,58,111,91.18,0.8
E0024,2022-01-01,69,148,94.16,0.63
E0009,2022-02-01,28,117,77.91,1.44
E0001,2022-03-01,85,87,75.21,0.57
E0024,2022-04-01,86,147,83.2,0.76
E0038,2022-05-01,82,134,77.55,1.34
E0048,2022-06-01,36,101,94.12,0.78
E0027,2022-07-01,81,101,75.07,0.98
E0026,2022-08-01,86,137,79.8,1.28
E0026,2022-09-01,31,146,75.8,1.09
E0007,2022-10-01,51,127,70.99,1.21
E0025,2022-11-01,30,112,87.52,0.81
E0016,2022-12-01,40,113,93.4,0.7
E0038,2023-01-01,34,138,94.53,1.1
E0042,2023-02-01,72,112,90.65,0.67
E0018,2023-03-01,91,97,92.88,1.04
E0017,2023-04-01,49,89,83.31,1.34
E0049,2023-05-01,25,124,73.43,1.1
E0044,2023-06-01,34,85,78.16,1.14
E0047,2023-07-01,99,89,86.82,0.78
E0006,2023-08-01,71,145,97.9,1.49
E0020,2023-09-01,52,141,90.4,0.79
E0048,2023-10-01,43,85,75.54,0.86
E0023,2023-11-01,26,148,83.94,0.89
E0046,2023-12-01,93,87,95.12,1.45
E0012,2022-01-01,85,134,72.9,1.11
E0012,2022-02-01,95,99,72.37,0.56
E0034,2022-03-01,90,131,98.12,0.88
E0008,2022-04-01,60,118,96.2,0.65
E0027,2022-05-01,80,93,82.86,0.64
E0049,2022-06-01,56,91,91.72,1.09
E0008,2022-07-01,32,134,93.53,0.85
E0048,2022-08-01,55,133,79.91,1.04
E0033,2022-09-01,82,155,83.09,1.12
E0037,2022-10-01,89,120,95.82,0.99
E0019,2022-11-01,82,83,70.4,0.72
E0024,2022-12-01,78,141,80.15,0.59
E0022,2023-01-01,96,82,99.12,0.8
E0003,2023-02-01,38,151,83.75,1.04
E0009,2023-03-01,20,82,82.16,0.78
E0011,2023-04-01,21,105,70.98,0.89
E0006,2023-05-01,97,126,91.87,1.41
E0039,2023-06-01,41,85,98.23,0.53
E0039,2023-07-01,98,96,90.93,0.58
E0037,2023-08-01,33,88,89.72,1.32
E0002,2023-09-01,87,158,97.96,0.69
E0037,2023-10-01,37,136,74.62,1.33
E0006,2023-11-01,25,86,73.12,1.12
E0006,2023-12-01,46,157,90.57,0.61
E0039,2022-01-01,83,136,72.21,0.83
E0036,2022-02-01,47,83,97.26,1.46
E0025,2022-03-01,61,139,90.55,0.68
E0050,2022-04-01,33,84,93.27,0.91
E0016,2022-05-01,65,80,96.94,0.81
E0021,2022-06-01,68,155,72.48,1.01
E0010,2022-07-01,76,118,80.11,0.93
E0005,2022-08-01,78,86,86.62,1.43
E0050,2022-09-01,37,100,95.62,1.33
E0025,2022-10-01,97,150,86.68,1.08
E0031,2022-11-01,27,96,87.22,0.83
E0003,2022-12-01,46,144,87.19,1.25
E0020,2023-01-01,37,147,89.97,1.09
E0004,2023-02-01,88,149,91.72,0.66
E0014,2023-03-01,63,141,90.58,0.81
E0012,2023-04-01,67,119,74.14,1.07
E0014,2023-05-01,92,139,99.72,1.2
E0037,2023-06-01,78,107,95.56,0.82
E0018,2023-07-01,47,155,84.18,1.41
E0027,2023-08-01,26,144,89.3,0.91
E0007,2023-09-01,27,113,78.02,0.65
E0048,2023-10-01,73,105,94.9,0.71
E0035,2023-11-01,46,132,88.03,0.7
E0022,2023-12-01,95,94,77.88,0.73
E0021,2022-01-01,57,128,95.23,0.88
E0043,2022-02-01,69,114,72.95,0.96
E0018,2022-03-01,40,120,77.65,1.04
E0038,2022-04-01,76,130,80.12,1.44
E0026,2022-05-01,81,142,73.73,1.07
E0022,2022-06-01,75,123,83.93,0.68
E0037,2022-07-01,43,118,92.97,0.96
E0005,2022-08-01,77,99,82.22,0.67
E0048,2022-09-01,29,122,90.85,1.41
E0035,2022-10-01,20,101,75.82,0.67
E0012,2022-11-01,39,100,94.81,1.11
E0035,2022-12-01,91,115,75.11,1.08
E0034,2023-01-01,70,107,91.04,1.12
E0047,2023-02-01,58,83,78.45,0.56
E0020,2023-03-01,87,87,94.51,0.79
E0049,2023-04-01,50,84,98.94,0.85
E0012,2023-05-01,57,84,93.31,1.42
E0034,2023-06-01,76,133,71.62,1.11
E0026,2023-07-01,25,89,71.18,1.31
E0034,2023-08-01,79,148,70.63,1.0
E0032,2023-09-01,81,113,98.06,0.9
E0046,2023-10-01,51,129,75.37,0.98
E0007,2023-11-01,90,154,95.63,1.29
E0026,2023-12-01,95,103,92.0,0.59
E0025,2022-01-01,37,137,90.28,1.45
E0046,2022-02-01,51,157,71.41,1.1
E0039,2022-03-01,51,101,87.1,0.69
E0017,2022-04-01,59,103,99.2,0.54
E0024,2022-05-01,70,85,89.39,0.63
E0027,2022-06-01,94,141,78.67,0.61
E0004,2022-07-01,58,82,93.03,0.9
E0027,2022-08-01,88,80,84.56,1.19
E0047,2022-09-01,59,89,73.51,0.75
E0030,2022-10-01,99,151,96.29,0.89
E0003,2022-11-01,33,109,94.14,1.06
E0006,2022-12-01,55,101,70.8,1.31
E0008,2023-01-01,31,158,71.22,1.11
E0016,2023-02-01,95,117,75.66,0.69
E0015,2023-03-01,74,156,95.89,0.74
E0036,2023-04-01,56,159,75.84,0.87
E0040,2023-05-01,95,98,97.65,0.99
E0008,2023-06-01,71,146,85.33,1.38
E0039,2023-07-01,54,96,78.62,0.75
E0030,2023-08-01,78,155,73.75,1.43
E0050,2023-09-01,48,89,87.4,1.27
E0012,2023-10-01,29,153,96.9,0.82
E0004,2023-11-01,28,110,88.61,1.47
E0014,2023-12-01,37,102,83.03,0.87
E0025,2022-01-01,45,100,88.75,1.18
E0005,2022-02-01,79,148,92.04,1.44
E0023,2022-03-01,79,159,77.17,1.29
E0030,2022-04-01,78,113,78.1,1.39
E0039,2022-05-01,38,144,96.77,0.66
E0012,2022-06-01,32,95,93.42,1.14
E0015,2022-07-01,21,157,91.79,0.58
E0019,2022-08-01,47,89,90.12,1.48
E0026,2022-09-01,30,129,85.58,1.2
E0045,2022-10-01,87,90,80.87,0.6
E0004,2022-11-01,81,114,81.75,1.29
E0038,2022-12-01,36,119,72.38,0.96
E0008,2023-01-01,47,128,96.59,0.58
E0030,2023-02-01,26,124,70.63,1.3
E0015,2023-03-01,20,81,95.34,0.54
E0012,2023-04-01,27,152,83.67,1.3
E0010,2023-05-01,45,80,75.53,1.07
E0012,2023-06-01,87,91,88.69,0.5
E0017,2023-07-01,79,106,85.39,0.95
E0040,2023-08-01,56,122,89.22,1.11
E0002,2023-09-01,64,99,80.97,0.71
E0019,2023-10-01,92,81,93.96,0.74
E0029,2023-11-01,58,140,82.85,0.56
E0001,2023-12-01,62,142,81.65,1.17
E0022,2022-01-01,56,91,88.79,0.69
E0025,2022-02-01,88,129,95.08,1.36
E0010,2022-03-01,33,143,72.63,1.26
E0009,2022-04-01,33,89,83.12,0.59
E0019,2022-05-01,61,104,84.19,1.06
E0012,2022-06-01,92,148,85.96,0.91
E0029,2022-07-01,26,106,79.78,1.28
E0018,2022-08-01,32,132,75.51,1.16
E0016,2022-09-01,23,134,76.85,0.58
E0004,2022-10-01,36,158,77.4,1.48
E0043,2022-11-01,25,109,82.43,0.76
E0025,2022-12-01,60,81,86.61,0.76
E0022,2023-01-01,75,158,79.95,0.8
E0029,2023-02-01,49,80,94.77,1.48
E0022,2023-03-01,73,95,84.28,1.3
E0015,2023-04-01,42,113,79.18,0.59
E0048,2023-05-01,43,112,80.37,0.92
E0002,2023-06-01,56,149,99.68,1.36
E0013,2023-07-01,79,110,89.85,0.85
E0012,2023-08-01,54,127,82.29,0.79
E0026,2023-09-01,90,138,96.91,1.14
E0040,2023-10-01,26,153,92.94,0.87
E0012,2023-11-01,96,87,95.94,0.66
E0027,2023-12-01,37,110,74.83,0.98
E0046,2022-01-01,68,110,94.07,1.31
E0035,2022-02-01,57,121,84.4,1.34
E0002,2022-03-01,20,88,72.04,1.12
E0017,2022-04-01,94,145,72.76,1.5
E0002,2022-05-01,24,88,87.2,1.48
E0017,2022-06-01,80,129,81.66,0.74
E0034,2022-07-01,30,144,72.12,1.27
E0034,2022-08-01,49,130,83.09,0.68
E0045,2022-09-01,33,128,93.76,0.91
E0039,2022-10-01,39,109,76.45,0.51
E0041,2022-11-01,61,151,91.68,0.7
E0009,2022-12-01,96,106,82.79,0.72
E0014,2023-01-01,64,94,79.86,1.49
E0043,2023-02-01,71,99,82.53,0.54
E0020,2023-03-01,36,88,89.08,1.45
E0033,2023-04-01,57,119,81.49,1.34
E0024,2023-05-01,34,109,86.0,0.52
E0005,2023-06-01,56,103,72.25,0.64
E0032,2023-07-01,24,157,89.92,1.13
E0023,2023-08-01,67,120,74.34,0.85
E0001,2023-09-01,20,81,75.07,0.84
E0038,2023-10-01,69,110,90.9,1.2
E0032,2023-11-01,57,121,99.73,1.49
E0016,2023-12-01,95,142,97.11,0.83
E0020,2022-01-01,64,155,83.72,1.42
E0016,2022-02-01,89,151,79.08,1.23
E0013,2022-03-01,36,117,83.35,1.35
E0046,2022-04-01,36,123,86.79,1.01
E0011,2022-05-01,30,139,77.92,1.03
E0042,2022-06-01,25,116,91.65,1.05
E0017,2022-07-01,43,112,70.72,1.07
E0007,2022-08-01,67,153,98.28,0.64
E0022,2022-09-01,87,96,91.78,0.71
E0031,2022-10-01,58,115,96.19,0.65
E0004,2022-11-01,38,83,80.16,0.69
E0017,2022-12-01,51,119,97.96,1.16
E0001,2023-01-01,62,117,99.7,0.71
E0002,2023-02-01,67,83,75.38,1.38
E0033,2023-03-01,41,120,87.23,0.62
E0044,2023-04-01,75,138,96.0,1.49
E0019,2023-05-01,94,81,71.46,0.5
E0019,2023-06-01,51,83,93.27,1.34
E0023,2023-07-01,86,91,71.05,0.5
E0016,2023-08-01,39,83,89.64,1.29
E0016,2023-09-01,51,139,72.87,1.23
E0029,2023-10-01,39,92,73.01,1.19
E0008,2023-11-01,59,119,78.63,0.85
E0028,2023-12-01,59,130,81.21,1.13
E0025,2022-01-01,81,80,85.18,1.1
E0025,2022-02-01,64,134,72.03,1.24
E0013,2022-03-01,74,134,81.75,1.21
E0014,2022-04-01,82,151,98.72,0.75
E0019,2022-05-01,96,139,84.33,1.21
E0015,2022-06-01,36,145,99.26,0.81
E0015,2022-07-01,26,93,98.38,0.89
E0021,2022-08-01,88,136,78.18,0.79
E0008,2022-09-01,65,110,94.43,1.24
E0045,2022-10-01,50,103,80.4,1.33
E0044,2022-11-01,96,115,89.37,0.75
E0028,2022-12-01,73,113,79.78,1.01
E0045,2023-01-01,53,86,75.9,1.21
E0016,2023-02-01,38,104,87.37,1.32
E0024,2023-03-01,26,114,95.52,1.23
E0012,2023-04-01,22,137,98.71,0.6
E0014,2023-05-01,46,153,77.88,1.18
E0030,2023-06-01,45,104,90.39,1.41
E0032,2023-07-01,33,85,94.76,0.94
E0047,2023-08-01,83,128,76.35,1.24
E0019,2023-09-01,82,105,85.36,1.46
E0005,2023-10-01,77,148,97.17,1.19
E0029,2023-11-01,57,118,95.95,0.79
E0002,2023-12-01,65,80,70.34,0.95
E0050,2022-01-01,41,139,88.72,0.97
E0050,2022-02-01,89,158,89.06,1.35
E0024,2022-03-01,69,153,99.73,1.47
E0017,2022-04-01,45,130,90.66,1.09
E0042,2022-05-01,32,108,86.19,0.58
E0027,2022-06-01,72,95,75.46,1.45
E0049,2022-07-01,90,146,77.92,1.49
E0003,2022-08-01,67,116,94.6,0.9
E0048,2022-09-01,93,87,72.09,1.33
E0018,2022-10-01,30,111,70.43,0.93
E0021,2022-11-01,92,123,88.34,1.2
E0039,2022-12-01,36,121,90.28,0.54
E0001,2023-01-01,58,159,94.77,1.39
E0007,2023-02-01,68,108,85.91,0.54
E0045,2023-03-01,80,134,95.27,0.72
E0023,2023-04-01,26,132,94.76,1.07
E0016,2023-05-01,90,122,81.69,1.38
E0011,2023-06-01,21,111,72.72,0.77
E0035,2023-07-01,83,137,92.89,0.59
E0041,2023-08-01,85,103,98.95,1.31
E0039,2023-09-01,41,148,96.35,0.86
E0022,2023-10-01,66,144,89.0,1.24
E0035,2023-11-01,20,97,72.88,0.69
E0033,2023-12-01,56,150,87.77,0.73
E0043,2022-01-01,46,148,70.47,0.85
E0045,2022-02-01,40,155,87.76,1.28
E0036,2022-03-01,54,82,95.01,1.44
E0042,2022-04-01,81,154,92.24,1.29
E0040,2022-05-01,50,119,88.47,0.51
E0028,2022-06-01,47,118,73.62,1.31
E0049,2022-07-01,93,134,75.18,1.14
E0011,2022-08-01,92,80,95.35,1.3
E0005,2022-09-01,72,89,87.74,1.07
E0018,2022-10-01,43,155,85.66,0.53
E0004,2022-11-01,82,124,76.24,1.3
E0038,2022-12-01,68,132,82.73,0.58
E0031,2023-01-01,79,127,87.43,0.85
E0024,2023-02-01,63,149,88.84,1.04
E0030,2023-03-01,62,128,91.1,0.79
E0039,2023-04-01,33,118,92.45,1.26
E0031,2023-05-01,29,116,88.63,1.47
E0012,2023-06-01,47,84,74.67,0.96
E0003,2023-07-01,54,155,86.27,1.45
E0030,2023-08-01,90,119,72.24,1.42
E0008,2023-09-01,61,142,87.72,1.32
E0010,2023-10-01,57,125,99.38,1.23
E0024,2023-11-01,26,155,78.02,0.52
E0001,2023-12-01,78,122,81.76,1.4
E0049,2022-01-01,23,112,78.18,1.07
E0018,2022-02-01,95,81,86.77,0.63
E0041,2022-03-01,31,127,71.31,1.19
E0022,2022-04-01,49,114,99.82,0.77
E0031,2022-05-01,98,122,93.9,1.19
E0027,2022-06-01,46,122,88.52,0.58
E0016,2022-07-01,55,154,94.38,1.48
E0049,2022-08-01,72,122,76.64,0.57
E0018,2022-09-01,37,126,95.75,1.37
E0011,2022-10-01,30,159,99.51,0.82
E0018,2022-11-01,80,120,89.07,0.79
E0004,2022-12-01,93,123,86.88,0.89
E0040,2023-01-01,45,144,83.54,1.27
E0010,2023-02-01,46,143,89.28,0.7
E0030,2023-03-01,71,124,89.69,0.95
E0004,2023-04-01,99,82,86.66,0.99
E0008,2023-05-01,47,102,92.86,1.41
E0017,2023-06-01,24,104,80.62,1.05
E0035,2023-07-01,73,124,94.34,1.14
E0005,2023-08-01,43,157,89.06,1.39
E0027,2023-09-01,42,87,80.37,0.83
E0037,2023-10-01,63,133,75.38,0.57
E0007,2023-11-01,26,142,84.45,1.29
E0033,2023-12-01,33,109,83.62,1.26
E0018,2022-01-01,97,88,78.84,0.82
E0038,2022-02-01,37,154,87.74,1.45
E0028,2022-03-01,60,121,70.16,1.33
E0015,2022-04-01,88,114,79.79,0.5
E0023,2022-05-01,38,126,89.47,0.61
E0032,2022-06-01,22,141,70.78,0.96
E0009,2022-07-01,47,155,87.3,1.41
E0030,2022-08-01,28,152,81.29,0.68
E0029,2022-09-01,99,135,92.73,1.17
E0032,2022-10-01,71,148,76.37,1.37
E0035,2022-11-01,67,127,94.65,1.43
E0018,2022-12-01,83,87,76.2,1.16
E0029,2023-01-01,50,136,88.19,0.85
E0048,2023-02-01,33,150,75.94,0.86
E0017,2023-03-01,66,99,86.42,1.26
E0009,2023-04-01,34,123,84.21,1.37
E0045,2023-05-01,66,150,76.72,1.46
E0008,2023-06-01,65,101,87.51,1.26
E0013,2023-07-01,24,91,76.63,1.06
E0033,2023-08-01,30,123,85.27,1.41
E0021,2023-09-01,83,147,95.71,1.44
E0044,2023-10-01,38,109,95.92,0.97
E0012,2023-11-01,92,101,89.42,1.45
E0030,2023-12-01,78,149,83.96,1.1
E0041,2022-01-01,93,81,90.08,0.91
E0001,2022-02-01,33,113,94.31,1.38
E0021,2022-03-01,32,120,93.74,0.92
E0046,2022-04-01,49,123,86.45,0.86
E0029,2022-05-01,98,131,79.22,1.32
E0014,2022-06-01,97,134,89.73,1.48
E0038,2022-07-01,29,159,70.57,1.16
E0048,2022-08-01,66,131,99.06,0.82
E0040,2022-09-01,80,125,79.89,1.34
E0005,2022-10-01,96,84,82.53,1.41
E0047,2022-11-01,49,136,86.44,0.65
E0013,2022-12-01,95,128,91.52,0.81
E0038,2023-01-01,44,100,74.85,1.12
E0049,2023-02-01,79,96,81.28,0.83
E0005,2023-03-01,92,133,79.57,1.12
E0042,2023-04-01,35,146,71.68,1.33
E0037,2023-05-01,74,100,83.62,0.64
E0017,2023-06-01,52,136,72.64,1.12
E0019,2023-07-01,31,104,96.46,1.16
E0038,2023-08-01,35,123,85.89,1.37
E0031,2023-09-01,45,143,94.53,1.21
E0047,2023-10-01,41,95,87.87,1.29
E0036,2023-11-01,42,104,98.07,0.67
E0049,2023-12-01,92,141,72.45,0.63
E0001,2022-01-01,50,83,91.96,1.4
E0050,2022-02-01,61,99,90.48,0.67
E0010,2022-03-01,29,92,93.86,0.87
E0034,2022-04-01,72,124,87.19,1.29
E0049,2022-05-01,63,154,79.04,0.56
E0050,2022-06-01,70,89,79.37,1.02
E0013,2022-07-01,36,143,96.63,1.05
E0007,2022-08-01,84,126,80.63,0.5
E0037,2022-09-01,46,93,94.42,0.89
E0036,2022-10-01,27,149,92.98,1.41
E0039,2022-11-01,74,125,85.3,0.93
E0037,2022-12-01,78,87,97.36,1.41
E0031,2023-01-01,95,121,79.02,0.82
E0020,2023-02-01,77,96,70.2,1.01
E0039,2023-03-01,78,130,92.73,1.34
E0045,2023-04-01,96,119,92.94,1.48
E0036,2023-05-01,33,115,75.88,1.26
E0015,2023-06-01,92,108,94.47,0.84
E0030,2023-07-01,38,117,95.77,0.81
E0018,2023-08-01,37,81,89.71,0.56
E0004,2023-09-01,62,110,85.59,0.7
E0030,2023-10-01,64,114,88.85,1.26
E0028,2023-11-01,95,83,89.11,0.91
E0004,2023-12-01,90,113,95.47,0.66
E0034,2022-01-01,98,123,76.88,0.8
E0028,2022-02-01,66,81,97.51,1.09
E0037,2022-03-01,74,136,98.5,1.46
E0022,2022-04-01,70,129,76.6,1.46
E0040,2022-05-01,63,120,73.16,0.61
E0043,2022-06-01,85,121,90.21,0.74
E0011,2022-07-01,98,134,73.39,1.1
E0030,2022-08-01,26,127,77.47,1.41
E0050,2022-09-01,67,145,74.92,1.48
E0030,2022-10-01,64,121,95.75,1.23
E0025,2022-11-01,29,118,97.27,0.91
E0017,2022-12-01,23,92,79.4,1.37
E0001,2023-01-01,29,159,79.95,0.92
E0037,2023-02-01,54,108,83.93,1.17
E0035,2023-03-01,21,105,74.08,0.99
E0014,2023-04-01,58,133,93.43,1.28
E0002,2023-05-01,98,143,85.99,1.24
E0003,2023-06-01,70,157,78.9,0.89
E0003,2023-07-01,33,113,84.46,0.6
E0020,2023-08-01,66,158,87.78,1.45
E0013,2023-09-01,57,88,80.32,1.42
E0031,2023-10-01,26,148,78.05,0.68
E0040,2023-11-01,94,126,74.38,0.7
E0022,2023-12-01,63,125,90.44,1.29
E0014,2022-01-01,21,102,83.27,1.29
E0050,2022-02-01,93,94,72.64,1.47
E0027,2022-03-01,68,80,88.25,1.5
E0013,2022-04-01,99,130,73.5,1.0
E0050,2022-05-01,37,134,74.0,1.46
E0001,2022-06-01,39,130,89.41,1.32
E0002,2022-07-01,39,89,95.81,1.26
E0037,2022-08-01,85,113,91.8,0.87
E0011,2022-09-01,47,120,99.59,1.35
E0043,2022-10-01,55,120,77.35,1.42
E0033,2022-11-01,29,87,94.78,1.23
E0029,2022-12-01,33,106,87.9,1.15
E0003,2023-01-01,73,109,92.62,1.14
E0029,2023-02-01,90,130,84.4,0.66
E0002,2023-03-01,30,137,73.74,0.72
E0014,2023-04-01,63,97,94.31,0.73
E0020,2023-05-01,25,90,80.42,0.66
E0048,2023-06-01,60,123,74.87,0.98
E0018,2023-07-01,35,142,86.0,0.57
E0037,2023-08-01,34,145,85.85,0.79
E0008,2023-09-01,20,99,77.83,1.31
E0007,2023-10-01,55,86,92.5,1.42
E0010,2023-11-01,34,85,80.75,1.37
E0016,2023-12-01,26,148,85.92,0.82
E0019,2022-01-01,23,146,86.37,1.03
E0030,2022-02-01,88,120,98.34,1.43
E0043,2022-03-01,47,151,99.39,1.07
E0019,2022-04-01,87,120,90.69,0.76
E0003,2022-05-01,54,104,70.02,1.18
E0030,2022-06-01,61,132,94.02,1.13
E0018,2022-07-01,33,102,96.64,0.58
E0036,2022-08-01,37,121,99.47,1.27
E0020,2022-09-01,60,86,70.59,0.59
E0017,2022-10-01,94,158,95.79,1.13
E0024,2022-11-01,58,131,96.0,1.19
E0013,2022-12-01,62,119,75.78,1.09
E0036,2023-01-01,87,104,95.15,0.87
E0046,2023-02-01,47,111,71.4,1.11
E0003,2023-03-01,80,100,72.08,1.05
E0021,2023-04-01,35,98,87.79,1.1
E0004,2023-05-01,54,115,98.96,1.31
E0018,2023-06-01,70,124,84.12,1.33
E0045,2023-07-01,64,102,81.33,1.26
E0039,2023-08-01,72,111,84.92,0.98
E0043,2023-09-01,45,130,99.65,0.86
E0011,2023-10-01,95,98,89.92,1.38
E0038,2023-11-01,64,158,86.49,1.38
E0043,2023-12-01,25,87,93.76,1.31
E0041,2022-01-01,91,91,84.22,1.38
E0048,2022-02-01,88,143,85.02,0.9
E0028,2022-03-01,52,154,93.23,1.03
E0005,2022-04-01,61,137,84.31,1.07
E0023,2022-05-01,49,138,73.87,1.22
E0038,2022-06-01,33,118,71.0,1.28
E0036,2022-07-01,29,121,89.29,1.06
E0031,2022-08-01,74,144,73.18,1.4
E0008,2022-09-01,28,114,96.64,0.72
E0025,2022-10-01,45,122,85.1,0.91
E0025,2022-11-01,53,132,70.47,0.56
E0048,2022-12-01,37,150,78.13,1.48
E0016,2023-01-01,67,83,87.5,1.3
E0011,2023-02-01,36,120,79.89,0.62
E0020,2023-03-01,69,156,81.42,0.83
E0014,2023-04-01,82,119,96.8,1.03
E0040,2023-05-01,91,105,89.47,0.8
E0038,2023-06-01,57,80,77.44,0.62
E0040,2023-07-01,29,114,96.21,1.1
E0019,2023-08-01,66,145,95.22,0.72
E0008,2023-09-01,32,123,89.18,1.13
E0025,2023-10-01,42,117,77.32,1.19
E0033,2023-11-01,76,122,94.34,1.31
E0045,2023-12-01,98,148,82.78,0.95
E0040,2022-01-01,65,132,78.4,1.2
E0041,2022-02-01,53,151,76.47,0.54
E0048,2022-03-01,82,81,77.57,1.13
E0037,2022-04-01,24,103,83.7,0.93
E0043,2022-05-01,89,149,88.5,1.31
E0017,2022-06-01,96,102,97.08,1.49
E0027,2022-07-01,61,144,94.83,0.79
E0041,2022-08-01,32,147,76.14,1.39
E0017,2022-09-01,20,111,96.8,0.61
E0047,2022-10-01,89,150,80.34,0.95
E0033,2022-11-01,42,132,85.54,1.2
E0031,2022-12-01,69,144,79.91,1.36
E0021,2023-01-01,85,88,94.45,0.72
E0024,2023-02-01,30,104,73.31,0.99
E0016,2023-03-01,90,150,97.7,1.48
E0045,2023-04-01,36,155,76.54,1.24
E0020,2023-05-01,91,148,77.74,0.89
E0035,2023-06-01,47,142,75.27,1.0
E0028,2023-07-01,58,151,73.47,1.42
E0046,2023-08-01,61,105,87.43,0.99
E0035,2023-09-01,90,131,83.17,0.56
E0018,2023-10-01,58,122,94.51,0.7
E0024,2023-11-01,54,85,80.11,0.5
E0028,2023-12-01,94,117,93.4,0.98
E0014,2022-01-01,60,84,87.59,1.47
E0049,2022-02-01,60,142,90.63,1.3
E0024,2022-03-01,47,122,84.12,0.54
E0031,2022-04-01,56,92,78.31,1.43
E0006,2022-05-01,79,96,70.22,0.61
E0040,2022-06-01,47,137,77.62,0.52
E0034,2022-07-01,76,149,87.14,0.71
E0050,2022-08-01,78,93,85.96,1.0
E0035,2022-09-01,51,91,98.95,0.58
E0029,2022-10-01,68,119,91.34,1.28
E0002,2022-11-01,23,80,74.78,0.52
E0005,2022-12-01,84,104,99.75,0.72
E0022,2023-01-01,57,107,80.36,1.1
E0009,2023-02-01,59,110,87.7,0.91
E0034,2023-03-01,32,104,73.74,0.96
E0036,2023-04-01,95,132,91.3,1.17
E0049,2023-05-01,96,112,97.91,0.86
E0036,2023-06-01,67,142,79.02,0.74
E0026,2023-07-01,77,141,94.29,1.42
E0006,2023-08-01,41,127,99.25,0.85
E0002,2023-09-01,32,88,79.45,0.98
E0036,2023-10-01,37,83,74.53,1.32
E0008,2023-11-01,59,132,98.95,1.13
E0002,2023-12-01,51,158,88.73,1.12
