ProductID,SalesAmount,SaleDate,Region,CustomerID,ProductCategory,Quantity,UnitPrice,Year,Month,Day
P001,,2024-02-04,west,C040,SOFTWARE,19.0,49.38,2024,2,4
P001,642.49,2024-02-04,,C040,MACHINERY,19.0,49.38,2024,2,4
P018,933.04,2024-02-04,south,C009,TOOLS,,84.94,2024,2,4
P016,ErrorValue,2024-02-04,east,C036,ELECTRONICS,18.0,51.53,2024,2,4
P020,710.99,2024-02-04,west,C033,TOOLS,ErrorValue,58.36,2024,2,4
P001,0.0,2024-02-04,north,C024,TOOLS,12.0,76.32,2024,2,4
P003,221.7,2024-02-04,north,C006,MACHINERY,9.0,65.52,2024,2,4
P016,912.34,2024-02-04,east,C032,TOOLS,2.0,72.79,2024,2,4
P010,972.83,2024-02-04,east,C012,MACHINERY,19.0,21.6,2024,2,4
P015,647.05,2024-02-04,north,C043,MACHINERY,12.0,98.95,2024,2,4
P016,287.99,2024-03-04,west,C013,TOOLS,9.0,47.29,2024,3,4
P004,661.16,2024-03-04,west,C014,ELECTRONICS,17.0,22.44,2024,3,4
P010,954.61,2024-03-04,west,C006,ELECTRONICS,1.0,66.06,2024,3,4
P005,186.49,2024-03-04,south,C004,COMPONENTS,11.0,97.91,2024,3,4
P008,506.04,2024-03-04,west,C001,SOFTWARE,19.0,98.16,2024,3,4
P003,719.8,2024-03-04,east,C036,TOOLS,4.0,72.32,2024,3,4
P004,878.59,2024-03-04,east,C028,TOOLS,10.0,92.9,2024,3,4
P005,936.37,2024-03-04,west,C041,MACHINERY,17.0,74.47,2024,3,4
P001,338.26,2024-03-04,east,C043,ELECTRONICS,9.0,43.28,2024,3,4
P003,343.01,2024-04-04,east,C044,TOOLS,17.0,32.39,2024,4,4
P020,456.49,2024-04-04,east,C003,ELECTRONICS,4.0,95.75,2024,4,4
P015,504.28,2024-04-04,west,C046,COMPONENTS,14.0,47.06,2024,4,4
P012,892.99,2024-04-04,north,C030,TOOLS,15.0,72.33,2024,4,4
P020,679.59,2024-04-04,north,C037,MACHINERY,7.0,37.14,2024,4,4
P014,359.19,2024-04-04,north,C016,ELECTRONICS,19.0,89.06,2024,4,4
P016,368.45,2024-04-04,west,C030,SOFTWARE,2.0,61.69,2024,4,4
P013,972.07,2024-04-04,north,C004,ELECTRONICS,16.0,22.71,2024,4,4
P013,492.28,2024-04-04,east,C006,ELECTRONICS,12.0,92.75,2024,4,4
P011,522.32,2024-04-04,south,C029,SOFTWARE,3.0,55.75,2024,4,4
P020,878.44,2024-04-04,south,C030,ELECTRONICS,10.0,72.77,2024,4,4
P004,478.07,2024-04-04,east,C045,COMPONENTS,11.0,30.77,2024,4,4
P008,423.98,2024-04-04,south,C034,TOOLS,3.0,56.89,2024,4,4
P006,280.0,2024-05-04,north,C001,TOOLS,6.0,88.71,2024,5,4
P017,647.43,2024-05-04,south,C002,TOOLS,17.0,55.0,2024,5,4
P009,729.19,2024-05-04,north,C026,ELECTRONICS,4.0,87.79,2024,5,4
P018,968.04,2024-05-04,south,C030,SOFTWARE,3.0,26.76,2024,5,4
P013,612.62,2024-05-04,south,C003,ELECTRONICS,8.0,17.68,2024,5,4
P018,380.62,2024-05-04,east,C029,TOOLS,10.0,12.22,2024,5,4
P010,711.45,2024-06-04,north,C028,SOFTWARE,12.0,74.32,2024,6,4
P001,510.41,2024-06-04,north,C043,TOOLS,4.0,91.4,2024,6,4
P015,666.08,2024-06-04,west,C009,TOOLS,18.0,71.19,2024,6,4
P001,535.07,2024-06-04,north,C026,COMPONENTS,11.0,89.23,2024,6,4
P019,566.38,2024-06-04,west,C020,COMPONENTS,14.0,68.16,2024,6,4
P009,349.87,2024-06-04,south,C012,ELECTRONICS,8.0,20.58,2024,6,4
P011,218.86,2024-06-04,south,C028,COMPONENTS,19.0,26.5,2024,6,4
P020,248.46,2024-06-04,east,C044,SOFTWARE,19.0,77.23,2024,6,4
P002,913.35,2024-06-04,south,C049,MACHINERY,17.0,14.11,2024,6,4
P004,362.93,2024-06-04,east,C010,SOFTWARE,14.0,11.48,2024,6,4
P008,702.92,2024-07-04,north,C008,TOOLS,16.0,56.12,2024,7,4
P004,979.75,2024-07-04,west,C021,TOOLS,3.0,96.54,2024,7,4
P019,954.39,2024-07-04,north,C005,COMPONENTS,13.0,66.74,2024,7,4
P002,274.91,2024-07-04,west,C028,TOOLS,2.0,87.61,2024,7,4
P020,986.53,2024-07-04,west,C042,MACHINERY,10.0,34.25,2024,7,4
P020,223.21,2024-07-04,south,C021,ELECTRONICS,17.0,56.02,2024,7,4
P011,982.63,2024-07-04,north,C005,ELECTRONICS,17.0,40.92,2024,7,4
P014,915.9,2024-07-04,west,C044,SOFTWARE,7.0,46.65,2024,7,4
P016,219.24,2024-07-04,north,C019,ELECTRONICS,11.0,11.03,2024,7,4
P012,374.12,2024-07-04,north,C002,COMPONENTS,1.0,70.48,2024,7,4
P005,478.49,2024-07-04,east,C004,COMPONENTS,9.0,18.69,2024,7,4
P001,528.83,2024-08-04,west,C010,TOOLS,6.0,57.21,2024,8,4
P009,355.17,2024-08-04,west,C004,COMPONENTS,13.0,17.77,2024,8,4
P008,285.94,2024-08-04,north,C006,COMPONENTS,10.0,16.29,2024,8,4
P006,902.84,2024-08-04,west,C047,ELECTRONICS,9.0,93.26,2024,8,4
P011,541.74,2024-08-04,west,C024,MACHINERY,15.0,47.31,2024,8,4
P007,681.01,2024-08-04,west,C046,TOOLS,5.0,58.26,2024,8,4
P018,349.84,2024-08-04,north,C046,SOFTWARE,16.0,96.08,2024,8,4
P010,216.47,2024-08-04,south,C014,ELECTRONICS,14.0,89.38,2024,8,4
P004,820.34,2024-08-04,west,C027,TOOLS,13.0,72.1,2024,8,4
P007,744.62,2024-09-04,south,C048,ELECTRONICS,9.0,24.45,2024,9,4
P012,377.46,2024-09-04,east,C007,COMPONENTS,16.0,60.2,2024,9,4
P012,659.51,2024-09-04,north,C002,SOFTWARE,3.0,99.32,2024,9,4
P015,243.47,2024-09-04,east,C037,SOFTWARE,19.0,94.31,2024,9,4
P019,754.93,2024-09-04,north,C042,MACHINERY,3.0,20.78,2024,9,4
P011,452.6,2024-09-04,west,C002,TOOLS,6.0,71.22,2024,9,4
P016,950.77,2024-09-04,east,C038,SOFTWARE,7.0,30.95,2024,9,4
P020,129.77,2024-09-04,north,C029,ELECTRONICS,6.0,16.13,2024,9,4
P005,622.14,2024-10-04,south,C032,TOOLS,4.0,20.39,2024,10,4
P009,976.83,2024-10-04,south,C046,COMPONENTS,17.0,84.84,2024,10,4
P006,676.02,2024-10-04,south,C007,MACHINERY,11.0,35.96,2024,10,4
P015,715.22,2024-10-04,west,C046,COMPONENTS,16.0,93.42,2024,10,4
P004,481.68,2024-10-04,south,C028,SOFTWARE,4.0,73.59,2024,10,4
P019,502.43,2024-10-04,north,C018,COMPONENTS,4.0,30.94,2024,10,4
P005,943.56,2024-10-04,west,C025,ELECTRONICS,19.0,72.74,2024,10,4
P018,366.9,2024-10-04,west,C047,ELECTRONICS,2.0,95.59,2024,10,4
P013,422.3,2024-10-04,east,C033,TOOLS,15.0,21.95,2024,10,4
P010,391.96,2024-10-04,north,C010,MACHINERY,5.0,50.44,2024,10,4
P017,897.37,2024-10-04,north,C046,MACHINERY,14.0,59.98,2024,10,4
P018,670.6,2024-10-04,south,C047,ELECTRONICS,4.0,77.57,2024,10,4
P011,233.95,2024-10-04,north,C017,COMPONENTS,19.0,73.82,2024,10,4
P017,237.12,2024-10-04,south,C003,COMPONENTS,13.0,64.37,2024,10,4
P005,165.19,2024-11-04,south,C011,TOOLS,9.0,23.36,2024,11,4
P008,907.09,2024-11-04,south,C027,SOFTWARE,19.0,34.57,2024,11,4
P009,899.24,2024-11-04,north,C040,SOFTWARE,19.0,77.55,2024,11,4
P020,396.59,2024-11-04,north,C011,TOOLS,4.0,39.69,2024,11,4
P020,194.17,2024-11-04,east,C039,SOFTWARE,12.0,71.25,2024,11,4
P005,950.24,2024-11-04,east,C034,ELECTRONICS,16.0,67.51,2024,11,4
P013,345.41,2024-11-04,south,C011,MACHINERY,7.0,73.93,2024,11,4
P012,514.2,2024-11-04,east,C003,MACHINERY,10.0,23.83,2024,11,4
P006,408.35,2024-11-04,west,C002,SOFTWARE,13.0,20.41,2024,11,4
P019,585.17,2024-11-04,east,C029,SOFTWARE,10.0,30.44,2024,11,4
P017,974.87,2024-12-04,east,C006,SOFTWARE,6.0,49.66,2024,12,4
P001,683.74,2024-12-04,north,C011,MACHINERY,1.0,99.2,2024,12,4
P008,724.56,2024-12-04,south,C037,SOFTWARE,6.0,66.1,2024,12,4
P018,656.94,2024-12-04,east,C008,COMPONENTS,17.0,88.46,2024,12,4
P016,930.11,2024-12-04,west,C004,COMPONENTS,17.0,35.84,2024,12,4
P006,204.49,2024-12-04,east,C049,ELECTRONICS,10.0,37.0,2024,12,4
P016,622.1,2024-12-04,south,C005,TOOLS,5.0,62.28,2024,12,4
P015,496.24,2024-12-04,east,C035,ELECTRONICS,17.0,89.06,2024,12,4
P016,153.95,2024-12-04,west,C015,MACHINERY,3.0,90.83,2024,12,4
P008,576.05,2024-04-13,north,C038,COMPONENTS,14.0,63.76,2024,4,13
P012,440.42,2024-04-13,south,C006,TOOLS,5.0,39.52,2024,4,13
P006,156.89,2024-04-13,north,C041,COMPONENTS,5.0,90.16,2024,4,13
P011,431.13,2024-04-13,east,C038,SOFTWARE,10.0,22.01,2024,4,13
P018,691.32,2024-04-13,west,C043,MACHINERY,2.0,45.75,2024,4,13
P006,986.17,2024-04-13,north,C036,TOOLS,2.0,34.0,2024,4,13
P001,900.81,2024-04-13,west,C027,ELECTRONICS,7.0,23.29,2024,4,13
P016,119.52,2024-04-13,south,C017,MACHINERY,12.0,88.4,2024,4,13
P020,489.95,2024-04-14,south,C012,ELECTRONICS,8.0,77.09,2024,4,14
P017,147.26,2024-04-14,east,C033,ELECTRONICS,19.0,80.28,2024,4,14
P003,788.5,2024-04-14,south,C039,ELECTRONICS,5.0,10.8,2024,4,14
P005,657.26,2024-04-14,east,C036,SOFTWARE,18.0,98.64,2024,4,14
P019,152.68,2024-04-14,north,C050,ELECTRONICS,3.0,55.76,2024,4,14
P014,481.34,2024-04-14,north,C018,COMPONENTS,7.0,34.41,2024,4,14
P011,152.98,2024-04-14,south,C038,TOOLS,5.0,45.92,2024,4,14
P003,437.28,2024-04-14,south,C047,TOOLS,12.0,68.81,2024,4,14
P002,391.67,2024-04-14,east,C026,MACHINERY,14.0,79.82,2024,4,14
P017,388.94,2024-04-14,west,C027,COMPONENTS,3.0,64.57,2024,4,14
P008,699.11,2024-04-14,west,C040,ELECTRONICS,8.0,88.05,2024,4,14
P020,581.43,2024-04-15,south,C012,COMPONENTS,5.0,79.36,2024,4,15
P007,376.64,2024-04-15,east,C026,ELECTRONICS,4.0,10.78,2024,4,15
P015,229.86,2024-04-15,west,C017,ELECTRONICS,8.0,24.59,2024,4,15
P002,920.08,2024-04-15,north,C001,TOOLS,10.0,27.96,2024,4,15
P012,484.25,2024-04-15,west,C018,SOFTWARE,15.0,18.61,2024,4,15
P013,890.54,2024-04-15,west,C012,MACHINERY,14.0,78.34,2024,4,15
P017,550.96,2024-04-15,south,C034,TOOLS,7.0,33.48,2024,4,15
P014,280.46,2024-04-15,east,C033,ELECTRONICS,1.0,24.39,2024,4,15
P016,626.89,2024-04-15,west,C013,MACHINERY,11.0,65.16,2024,4,15
P017,717.73,2024-04-15,east,C004,ELECTRONICS,1.0,39.55,2024,4,15
P001,370.36,2024-04-15,east,C019,TOOLS,16.0,94.3,2024,4,15
P008,889.66,2024-04-15,south,C025,ELECTRONICS,14.0,98.07,2024,4,15
P015,872.9,2024-04-15,west,C045,MACHINERY,13.0,89.26,2024,4,15
P012,992.7,2024-04-15,south,C032,ELECTRONICS,19.0,81.27,2024,4,15
P018,320.4,2024-04-16,south,C017,TOOLS,17.0,74.93,2024,4,16
P018,507.78,2024-04-16,north,C007,ELECTRONICS,16.0,49.4,2024,4,16
P009,484.21,2024-04-16,south,C035,MACHINERY,1.0,19.22,2024,4,16
P013,803.88,2024-04-16,south,C040,COMPONENTS,11.0,61.14,2024,4,16
P004,355.68,2024-04-16,west,C030,COMPONENTS,12.0,10.24,2024,4,16
P008,706.45,2024-04-16,south,C024,SOFTWARE,17.0,10.67,2024,4,16
P016,828.43,2024-04-17,east,C018,SOFTWARE,4.0,68.87,2024,4,17
P003,421.68,2024-04-17,east,C037,TOOLS,1.0,88.7,2024,4,17
P006,389.82,2024-04-17,west,C015,ELECTRONICS,9.0,71.03,2024,4,17
P003,482.86,2024-04-17,east,C018,ELECTRONICS,16.0,93.92,2024,4,17
P013,742.94,2024-04-17,north,C021,ELECTRONICS,9.0,69.7,2024,4,17
P014,673.72,2024-04-17,south,C048,TOOLS,8.0,92.34,2024,4,17
P015,565.42,2024-04-17,west,C038,TOOLS,5.0,51.1,2024,4,17
P017,196.49,2024-04-17,east,C047,ELECTRONICS,1.0,76.0,2024,4,17
P019,436.16,2024-04-18,south,C013,MACHINERY,5.0,10.46,2024,4,18
P005,715.71,2024-04-18,west,C039,TOOLS,4.0,86.04,2024,4,18
P020,226.28,2024-04-18,south,C004,SOFTWARE,4.0,66.78,2024,4,18
P020,405.67,2024-04-18,north,C022,MACHINERY,11.0,33.12,2024,4,18
P019,423.2,2024-04-18,north,C035,COMPONENTS,2.0,38.49,2024,4,18
P003,816.76,2024-04-18,east,C013,ELECTRONICS,8.0,98.04,2024,4,18
P018,754.79,2024-04-18,north,C050,SOFTWARE,2.0,80.13,2024,4,18
P011,716.1,2024-04-18,north,C003,SOFTWARE,2.0,22.74,2024,4,18
P016,426.6,2024-04-18,west,C007,SOFTWARE,16.0,61.11,2024,4,18
P011,507.46,2024-04-18,south,C018,SOFTWARE,17.0,89.98,2024,4,18
P004,413.37,2024-04-18,east,C021,ELECTRONICS,13.0,27.54,2024,4,18
P011,208.11,2024-04-18,north,C048,SOFTWARE,6.0,77.34,2024,4,18
P008,982.44,2024-04-18,west,C016,SOFTWARE,14.0,62.04,2024,4,18
P006,408.11,2024-04-18,west,C025,MACHINERY,13.0,60.38,2024,4,18
P016,911.05,2024-04-19,east,C017,TOOLS,9.0,31.96,2024,4,19
P001,795.8,2024-04-19,west,C016,COMPONENTS,3.0,75.47,2024,4,19
P003,528.03,2024-04-19,west,C014,ELECTRONICS,6.0,39.72,2024,4,19
P002,561.61,2024-04-19,north,C002,COMPONENTS,9.0,75.8,2024,4,19
P002,379.76,2024-04-19,north,C036,COMPONENTS,6.0,75.5,2024,4,19
P008,735.45,2024-04-19,west,C026,TOOLS,14.0,90.24,2024,4,19
P001,496.7,2024-04-19,east,C046,ELECTRONICS,17.0,77.85,2024,4,19
P012,546.06,2024-04-19,west,C047,MACHINERY,1.0,86.87,2024,4,19
P006,384.85,2024-04-19,east,C008,TOOLS,12.0,89.13,2024,4,19
P002,973.07,2024-04-19,east,C015,SOFTWARE,16.0,81.08,2024,4,19
P002,581.42,2024-04-19,west,C041,SOFTWARE,4.0,22.27,2024,4,19
P018,603.26,2024-04-19,west,C025,COMPONENTS,6.0,88.64,2024,4,19
P011,292.45,2024-04-19,south,C033,MACHINERY,2.0,15.49,2024,4,19
P013,725.97,2024-04-20,west,C017,COMPONENTS,5.0,94.46,2024,4,20
P015,629.17,2024-04-20,south,C018,SOFTWARE,7.0,42.96,2024,4,20
P006,737.89,2024-04-20,north,C023,ELECTRONICS,11.0,31.99,2024,4,20
P015,624.09,2024-04-20,north,C002,TOOLS,8.0,11.89,2024,4,20
P010,540.51,2024-04-20,west,C015,MACHINERY,5.0,65.84,2024,4,20
P006,220.55,2024-04-20,south,C005,TOOLS,1.0,88.87,2024,4,20
P009,996.23,2024-04-20,west,C031,TOOLS,13.0,16.13,2024,4,20
P001,680.03,2024-04-20,west,C033,COMPONENTS,12.0,32.89,2024,4,20
P015,505.19,2024-04-20,south,C003,SOFTWARE,16.0,38.51,2024,4,20
P017,393.51,2024-04-20,south,C023,MACHINERY,8.0,68.69,2024,4,20
P005,397.54,2024-04-21,east,C048,TOOLS,19.0,33.05,2024,4,21
P005,309.5,2024-04-21,west,C045,MACHINERY,14.0,53.32,2024,4,21
P002,306.35,2024-04-21,west,C028,MACHINERY,8.0,56.01,2024,4,21
P017,154.7,2024-04-21,north,C046,SOFTWARE,19.0,12.72,2024,4,21
P013,947.5,2024-04-21,west,C047,TOOLS,15.0,72.24,2024,4,21
P015,338.18,2024-04-21,north,C023,MACHINERY,15.0,27.36,2024,4,21
P012,797.05,2024-04-21,east,C047,MACHINERY,3.0,89.54,2024,4,21
P001,932.36,2024-04-21,east,C007,TOOLS,15.0,77.94,2024,4,21
P014,190.0,2024-04-21,south,C020,TOOLS,9.0,59.72,2024,4,21
P016,936.36,2024-04-21,north,C043,TOOLS,18.0,79.63,2024,4,21
P007,567.09,2024-04-21,north,C023,COMPONENTS,18.0,53.65,2024,4,21
P002,421.98,2024-04-21,north,C007,TOOLS,4.0,15.07,2024,4,21
P020,398.31,2024-04-21,east,C026,SOFTWARE,16.0,98.63,2024,4,21
P002,320.75,2024-04-22,south,C012,MACHINERY,4.0,98.91,2024,4,22
P005,215.22,2024-04-22,west,C048,COMPONENTS,5.0,24.79,2024,4,22
P017,674.55,2024-04-22,north,C023,TOOLS,10.0,46.28,2024,4,22
P013,453.09,2024-04-22,west,C050,ELECTRONICS,6.0,34.9,2024,4,22
P013,298.48,2024-04-22,west,C015,COMPONENTS,16.0,42.71,2024,4,22
P003,680.26,2024-04-22,north,C006,COMPONENTS,10.0,90.84,2024,4,22
P004,483.4,2024-04-22,west,C019,COMPONENTS,2.0,17.46,2024,4,22
P018,491.98,2024-04-22,east,C011,COMPONENTS,12.0,44.96,2024,4,22
P015,655.25,2024-04-22,west,C043,MACHINERY,6.0,45.06,2024,4,22
P012,763.29,2024-04-22,south,C031,MACHINERY,6.0,48.07,2024,4,22
P011,430.73,2024-04-23,west,C015,COMPONENTS,2.0,39.1,2024,4,23
P002,920.31,2024-04-23,south,C013,ELECTRONICS,19.0,44.19,2024,4,23
P020,705.6,2024-04-23,west,C029,TOOLS,9.0,45.93,2024,4,23
P004,780.28,2024-04-23,south,C013,COMPONENTS,8.0,36.88,2024,4,23
P015,593.96,2024-04-23,west,C043,COMPONENTS,19.0,82.1,2024,4,23
P019,128.42,2024-04-23,south,C038,TOOLS,9.0,66.44,2024,4,23
P005,795.93,2024-04-24,north,C018,MACHINERY,17.0,10.06,2024,4,24
P003,442.54,2024-04-24,south,C040,COMPONENTS,11.0,50.19,2024,4,24
P016,283.26,2024-04-24,west,C042,COMPONENTS,4.0,20.49,2024,4,24
P001,731.3,2024-04-24,north,C004,COMPONENTS,17.0,46.15,2024,4,24
P012,156.42,2024-04-24,west,C003,COMPONENTS,9.0,96.86,2024,4,24
P002,824.92,2024-04-24,south,C005,TOOLS,8.0,30.73,2024,4,24
P011,809.12,2024-04-24,east,C010,MACHINERY,6.0,47.58,2024,4,24
P016,762.17,2024-04-24,west,C045,ELECTRONICS,12.0,99.36,2024,4,24
P015,996.89,2024-04-24,south,C002,TOOLS,16.0,67.91,2024,4,24
P012,383.52,2024-04-24,north,C011,ELECTRONICS,8.0,67.41,2024,4,24
P001,807.57,2024-04-24,north,C028,ELECTRONICS,16.0,82.07,2024,4,24
P003,525.99,2024-04-24,north,C037,TOOLS,18.0,21.32,2024,4,24
P007,225.77,2024-04-24,south,C029,MACHINERY,10.0,52.3,2024,4,24
P015,404.45,2024-04-25,north,C001,MACHINERY,14.0,11.6,2024,4,25
P006,237.13,2024-04-25,east,C018,MACHINERY,17.0,36.48,2024,4,25
P019,214.38,2024-04-25,east,C029,TOOLS,18.0,32.72,2024,4,25
P015,895.92,2024-04-25,west,C044,TOOLS,11.0,67.89,2024,4,25
P004,346.31,2024-04-25,east,C032,SOFTWARE,2.0,99.48,2024,4,25
P010,425.0,2024-04-25,west,C042,TOOLS,9.0,28.49,2024,4,25
P009,687.26,2024-04-25,north,C048,SOFTWARE,2.0,37.45,2024,4,25
P011,246.21,2024-04-25,west,C007,ELECTRONICS,4.0,29.92,2024,4,25
P017,791.38,2024-04-25,south,C007,TOOLS,6.0,34.42,2024,4,25
P012,124.37,2024-04-25,west,C029,SOFTWARE,15.0,68.18,2024,4,25
P007,472.4,2024-04-25,east,C024,MACHINERY,3.0,42.03,2024,4,25
P005,167.75,2024-04-25,west,C025,ELECTRONICS,18.0,78.99,2024,4,25
P009,831.9,2024-04-25,east,C019,TOOLS,12.0,58.9,2024,4,25
P011,797.88,2024-04-25,south,C045,COMPONENTS,14.0,79.74,2024,4,25
P018,232.66,2024-04-26,south,C034,ELECTRONICS,13.0,56.45,2024,4,26
P006,346.87,2024-04-26,east,C017,ELECTRONICS,9.0,88.6,2024,4,26
P002,578.08,2024-04-26,west,C005,SOFTWARE,7.0,58.76,2024,4,26
P011,386.23,2024-04-26,north,C029,TOOLS,4.0,65.81,2024,4,26
P007,381.26,2024-04-26,west,C028,SOFTWARE,1.0,38.22,2024,4,26
P006,281.14,2024-04-26,north,C012,ELECTRONICS,3.0,55.56,2024,4,26
P018,122.67,2024-04-26,east,C006,MACHINERY,18.0,28.02,2024,4,26
P013,373.08,2024-04-26,west,C001,TOOLS,13.0,57.55,2024,4,26
P001,273.91,2024-04-27,west,C035,TOOLS,5.0,14.04,2024,4,27
P006,965.66,2024-04-27,west,C002,TOOLS,14.0,74.05,2024,4,27
P014,196.01,2024-04-27,east,C012,MACHINERY,19.0,54.41,2024,4,27
P020,561.24,2024-04-27,east,C050,ELECTRONICS,7.0,33.7,2024,4,27
P009,540.72,2024-04-27,north,C038,COMPONENTS,3.0,73.4,2024,4,27
P006,193.59,2024-04-27,south,C028,ELECTRONICS,12.0,16.74,2024,4,27
P004,618.99,2024-04-27,south,C016,MACHINERY,4.0,34.44,2024,4,27
P008,573.93,2024-04-27,south,C004,SOFTWARE,12.0,35.81,2024,4,27
P012,835.71,2024-04-28,east,C005,SOFTWARE,6.0,27.68,2024,4,28
P014,858.68,2024-04-28,west,C040,COMPONENTS,9.0,90.83,2024,4,28
P015,453.48,2024-04-28,east,C026,SOFTWARE,19.0,74.16,2024,4,28
P012,362.25,2024-04-28,north,C005,MACHINERY,16.0,82.19,2024,4,28
P010,707.55,2024-04-28,east,C018,COMPONENTS,4.0,74.75,2024,4,28
P016,127.38,2024-04-28,west,C004,MACHINERY,9.0,72.96,2024,4,28
P015,451.77,2024-04-29,north,C002,TOOLS,17.0,81.65,2024,4,29
P012,982.42,2024-04-29,north,C037,SOFTWARE,8.0,46.43,2024,4,29
P015,101.0,2024-04-29,west,C033,TOOLS,7.0,38.55,2024,4,29
P002,744.06,2024-04-29,north,C007,ELECTRONICS,5.0,76.74,2024,4,29
P006,917.42,2024-04-29,north,C019,TOOLS,2.0,48.55,2024,4,29
P017,194.59,2024-04-29,east,C014,SOFTWARE,4.0,16.64,2024,4,29
P012,444.11,2024-04-30,south,C046,ELECTRONICS,18.0,56.32,2024,4,30
P014,274.59,2024-04-30,south,C005,SOFTWARE,9.0,70.34,2024,4,30
P007,824.39,2024-04-30,west,C027,SOFTWARE,18.0,85.66,2024,4,30
P010,676.51,2024-04-30,west,C008,SOFTWARE,7.0,56.3,2024,4,30
P006,406.09,2024-04-30,south,C006,MACHINERY,7.0,63.18,2024,4,30
P018,429.53,2024-04-30,north,C027,SOFTWARE,19.0,13.68,2024,4,30
P005,135.28,2024-04-30,west,C016,ELECTRONICS,4.0,45.53,2024,4,30
P012,870.91,2024-04-30,north,C037,ELECTRONICS,12.0,82.34,2024,4,30
P017,315.19,2024-04-30,south,C009,COMPONENTS,17.0,48.32,2024,4,30
P006,409.11,2024-04-30,east,C019,SOFTWARE,2.0,74.23,2024,4,30
P017,125.15,2024-01-05,east,C001,MACHINERY,4.0,94.88,2024,1,5
P005,627.07,2024-01-05,south,C009,SOFTWARE,11.0,71.6,2024,1,5
P005,232.07,2024-01-05,south,C042,ELECTRONICS,7.0,44.72,2024,1,5
P003,936.16,2024-01-05,north,C006,TOOLS,6.0,41.19,2024,1,5
P005,666.52,2024-01-05,east,C007,SOFTWARE,13.0,85.24,2024,1,5
P017,860.83,2024-01-05,east,C050,MACHINERY,5.0,88.81,2024,1,5
P011,100.33,2024-01-05,south,C049,ELECTRONICS,10.0,46.58,2024,1,5
P020,705.71,2024-01-05,north,C038,SOFTWARE,5.0,56.8,2024,1,5
P016,819.85,2024-02-05,south,C012,COMPONENTS,6.0,83.4,2024,2,5
P017,159.94,2024-02-05,south,C024,TOOLS,17.0,57.55,2024,2,5
P017,648.26,2024-02-05,west,C022,ELECTRONICS,11.0,78.68,2024,2,5
P020,950.79,2024-02-05,west,C020,COMPONENTS,2.0,59.97,2024,2,5
P013,802.71,2024-02-05,east,C040,ELECTRONICS,13.0,87.4,2024,2,5
P007,955.59,2024-02-05,north,C031,TOOLS,2.0,83.63,2024,2,5
P007,629.63,2024-02-05,east,C047,COMPONENTS,14.0,44.68,2024,2,5
P006,867.42,2024-03-05,west,C006,COMPONENTS,18.0,31.83,2024,3,5
P007,931.54,2024-03-05,south,C011,TOOLS,17.0,22.97,2024,3,5
P006,204.82,2024-03-05,north,C007,TOOLS,7.0,19.86,2024,3,5
P016,196.34,2024-03-05,south,C022,TOOLS,1.0,29.69,2024,3,5
P008,324.82,2024-03-05,east,C031,ELECTRONICS,10.0,43.99,2024,3,5
P017,385.64,2024-03-05,west,C043,ELECTRONICS,16.0,23.94,2024,3,5
P006,570.8,2024-03-05,south,C046,MACHINERY,7.0,25.82,2024,3,5
P004,934.32,2024-03-05,west,C030,COMPONENTS,12.0,27.64,2024,3,5
P004,316.56,2024-03-05,north,C011,COMPONENTS,10.0,19.87,2024,3,5
P020,392.5,2024-03-05,north,C039,SOFTWARE,8.0,57.27,2024,3,5
P013,631.87,2024-03-05,west,C023,COMPONENTS,15.0,68.1,2024,3,5
P014,314.18,2024-03-05,north,C031,MACHINERY,19.0,18.3,2024,3,5
P009,596.42,2024-03-05,west,C024,MACHINERY,14.0,56.11,2024,3,5
P015,417.77,2024-03-05,south,C034,TOOLS,11.0,53.32,2024,3,5
P005,727.83,2024-04-05,east,C010,COMPONENTS,14.0,27.68,2024,4,5
P015,699.36,2024-04-05,south,C047,MACHINERY,13.0,73.06,2024,4,5
P014,943.83,2024-04-05,south,C050,TOOLS,9.0,57.59,2024,4,5
P001,735.69,2024-04-05,north,C045,MACHINERY,18.0,48.13,2024,4,5
P018,869.94,2024-04-05,west,C045,COMPONENTS,8.0,98.62,2024,4,5
P004,339.73,2024-04-05,south,C010,COMPONENTS,12.0,22.98,2024,4,5
P017,686.88,2024-04-05,west,C019,TOOLS,12.0,66.5,2024,4,5
P009,605.01,2024-05-05,east,C045,COMPONENTS,12.0,59.23,2024,5,5
P015,510.94,2024-05-05,east,C044,TOOLS,15.0,79.42,2024,5,5
P016,603.94,2024-05-05,west,C010,COMPONENTS,3.0,98.48,2024,5,5
P007,960.37,2024-05-05,east,C014,SOFTWARE,15.0,97.0,2024,5,5
P006,111.98,2024-05-05,east,C027,TOOLS,7.0,28.78,2024,5,5
P002,236.84,2024-05-05,north,C016,SOFTWARE,2.0,25.99,2024,5,5
P005,191.16,2024-05-05,south,C014,COMPONENTS,7.0,56.12,2024,5,5
P012,875.64,2024-05-05,north,C016,ELECTRONICS,1.0,48.72,2024,5,5
P015,450.67,2024-05-05,east,C004,COMPONENTS,6.0,82.86,2024,5,5
P019,239.83,2024-05-05,east,C042,ELECTRONICS,18.0,64.87,2024,5,5
P009,726.66,2024-05-05,east,C043,COMPONENTS,16.0,99.08,2024,5,5
P005,937.11,2024-05-05,east,C045,TOOLS,12.0,95.19,2024,5,5
P006,926.09,2024-05-05,west,C005,MACHINERY,11.0,23.63,2024,5,5
P012,303.53,2024-06-05,south,C014,TOOLS,13.0,71.77,2024,6,5
P009,883.09,2024-06-05,south,C050,ELECTRONICS,18.0,40.3,2024,6,5
P017,140.0,2024-06-05,south,C010,COMPONENTS,13.0,30.25,2024,6,5
P015,194.35,2024-06-05,east,C005,COMPONENTS,13.0,12.95,2024,6,5
P001,876.4,2024-06-05,south,C034,COMPONENTS,2.0,20.12,2024,6,5
P008,737.99,2024-07-05,west,C021,MACHINERY,19.0,74.64,2024,7,5
P007,780.47,2024-07-05,south,C011,MACHINERY,9.0,36.76,2024,7,5
P005,137.94,2024-07-05,south,C028,TOOLS,17.0,89.91,2024,7,5
P004,827.75,2024-07-05,west,C040,TOOLS,12.0,35.67,2024,7,5
P019,331.13,2024-07-05,south,C022,ELECTRONICS,13.0,31.14,2024,7,5
P016,152.93,2024-08-05,south,C038,MACHINERY,14.0,79.59,2024,8,5
P019,699.69,2024-08-05,north,C007,SOFTWARE,4.0,50.37,2024,8,5
P013,205.79,2024-08-05,north,C024,TOOLS,19.0,26.99,2024,8,5
P017,511.65,2024-08-05,east,C011,SOFTWARE,5.0,54.77,2024,8,5
P004,756.65,2024-08-05,west,C048,TOOLS,2.0,10.56,2024,8,5
P009,867.37,2024-08-05,west,C029,SOFTWARE,4.0,54.45,2024,8,5
P003,228.57,2024-08-05,north,C021,SOFTWARE,15.0,36.8,2024,8,5
P011,591.48,2024-08-05,north,C019,TOOLS,4.0,24.97,2024,8,5
P002,503.63,2024-08-05,south,C036,MACHINERY,3.0,83.88,2024,8,5
P018,782.17,2024-08-05,east,C031,TOOLS,5.0,27.77,2024,8,5
P010,598.39,2024-08-05,north,C037,MACHINERY,13.0,84.43,2024,8,5
P015,847.85,2024-08-05,north,C012,COMPONENTS,6.0,75.87,2024,8,5
P011,564.73,2024-09-05,south,C012,COMPONENTS,10.0,22.31,2024,9,5
P001,887.68,2024-09-05,east,C014,COMPONENTS,17.0,81.22,2024,9,5
P016,163.08,2024-09-05,south,C035,COMPONENTS,12.0,52.85,2024,9,5
P005,325.47,2024-09-05,north,C013,ELECTRONICS,3.0,61.96,2024,9,5
P003,334.23,2024-09-05,south,C048,ELECTRONICS,7.0,45.31,2024,9,5
P016,538.25,2024-09-05,east,C028,TOOLS,3.0,70.84,2024,9,5
P018,913.65,2024-09-05,south,C006,SOFTWARE,4.0,40.47,2024,9,5
P006,341.19,2024-10-05,south,C002,ELECTRONICS,9.0,46.45,2024,10,5
P008,985.2,2024-10-05,south,C048,ELECTRONICS,1.0,80.12,2024,10,5
P001,792.32,2024-10-05,west,C005,SOFTWARE,16.0,45.66,2024,10,5
P011,590.19,2024-10-05,east,C032,ELECTRONICS,18.0,81.42,2024,10,5
P001,718.11,2024-10-05,north,C031,SOFTWARE,16.0,74.96,2024,10,5
P020,547.07,2024-10-05,north,C003,ELECTRONICS,15.0,10.01,2024,10,5
P008,222.58,2024-10-05,south,C037,COMPONENTS,9.0,41.77,2024,10,5
P001,437.99,2024-10-05,east,C048,SOFTWARE,11.0,85.67,2024,10,5
P004,301.02,2024-11-05,north,C037,COMPONENTS,15.0,13.35,2024,11,5
P006,566.59,2024-11-05,west,C038,TOOLS,8.0,10.25,2024,11,5
P005,837.72,2024-11-05,north,C048,SOFTWARE,12.0,55.56,2024,11,5
P011,765.94,2024-11-05,east,C008,SOFTWARE,3.0,87.91,2024,11,5
P001,429.11,2024-11-05,east,C033,MACHINERY,7.0,40.96,2024,11,5
P009,420.71,2024-11-05,east,C027,ELECTRONICS,7.0,52.6,2024,11,5
P016,484.02,2024-12-05,east,C047,SOFTWARE,17.0,41.92,2024,12,5
P002,765.95,2024-12-05,south,C016,MACHINERY,14.0,41.98,2024,12,5
P005,701.02,2024-12-05,north,C014,MACHINERY,7.0,77.93,2024,12,5
P004,298.67,2024-12-05,south,C036,MACHINERY,12.0,17.29,2024,12,5
P016,682.41,2024-12-05,north,C039,COMPONENTS,5.0,91.74,2024,12,5
P004,990.21,2024-12-05,north,C009,MACHINERY,6.0,42.94,2024,12,5
P020,740.15,2024-12-05,north,C018,SOFTWARE,9.0,29.55,2024,12,5
P013,461.66,2024-05-13,south,C011,TOOLS,4.0,14.13,2024,5,13
P004,492.34,2024-05-13,west,C034,ELECTRONICS,11.0,39.05,2024,5,13
P011,741.92,2024-05-13,south,C003,COMPONENTS,8.0,10.66,2024,5,13
P006,631.25,2024-05-13,east,C007,MACHINERY,9.0,25.79,2024,5,13
P016,646.48,2024-05-13,east,C041,MACHINERY,5.0,66.77,2024,5,13
P020,933.64,2024-05-13,south,C028,COMPONENTS,10.0,42.04,2024,5,13
P008,880.69,2024-05-13,south,C042,COMPONENTS,12.0,97.63,2024,5,13
P004,290.47,2024-05-13,south,C048,SOFTWARE,16.0,36.52,2024,5,13
P008,669.56,2024-05-14,east,C045,SOFTWARE,15.0,58.62,2024,5,14
P011,853.97,2024-05-14,north,C047,TOOLS,8.0,96.54,2024,5,14
P016,838.38,2024-05-14,north,C041,SOFTWARE,14.0,20.24,2024,5,14
P001,781.24,2024-05-14,east,C028,SOFTWARE,14.0,64.34,2024,5,14
P004,547.93,2024-05-14,west,C029,COMPONENTS,12.0,47.69,2024,5,14
P012,161.07,2024-05-14,east,C043,COMPONENTS,13.0,14.53,2024,5,14
P006,199.72,2024-05-14,south,C016,ELECTRONICS,10.0,50.72,2024,5,14
P009,495.77,2024-05-14,east,C049,COMPONENTS,2.0,44.66,2024,5,14
P008,577.18,2024-05-14,east,C004,COMPONENTS,8.0,37.32,2024,5,14
P014,908.12,2024-05-14,north,C030,SOFTWARE,6.0,96.62,2024,5,14
P008,211.19,2024-05-14,west,C025,SOFTWARE,18.0,16.52,2024,5,14
P002,965.91,2024-05-14,east,C043,COMPONENTS,16.0,82.38,2024,5,14
P001,718.02,2024-05-15,north,C016,COMPONENTS,9.0,67.26,2024,5,15
P012,922.05,2024-05-15,west,C050,ELECTRONICS,7.0,96.77,2024,5,15
P014,576.26,2024-05-15,west,C012,MACHINERY,17.0,56.49,2024,5,15
P009,796.11,2024-05-15,north,C043,COMPONENTS,9.0,74.45,2024,5,15
P001,926.85,2024-05-15,east,C030,TOOLS,16.0,35.17,2024,5,15
P001,973.63,2024-05-15,east,C050,ELECTRONICS,8.0,93.15,2024,5,15
P017,510.83,2024-05-15,north,C027,MACHINERY,17.0,36.49,2024,5,15
P015,980.27,2024-05-15,south,C008,SOFTWARE,17.0,91.91,2024,5,15
P007,114.11,2024-05-15,east,C048,COMPONENTS,16.0,40.85,2024,5,15
P008,480.35,2024-05-15,north,C015,TOOLS,5.0,40.94,2024,5,15
P012,704.28,2024-05-16,south,C004,SOFTWARE,13.0,62.22,2024,5,16
P003,477.0,2024-05-16,south,C024,COMPONENTS,19.0,73.57,2024,5,16
P002,181.87,2024-05-16,south,C025,MACHINERY,12.0,73.95,2024,5,16
P019,588.02,2024-05-16,north,C044,COMPONENTS,7.0,68.56,2024,5,16
P019,515.67,2024-05-16,east,C017,COMPONENTS,12.0,89.15,2024,5,16
P007,550.48,2024-05-16,west,C013,TOOLS,1.0,27.12,2024,5,16
P018,192.75,2024-05-16,north,C019,ELECTRONICS,15.0,24.38,2024,5,16
P020,358.64,2024-05-16,north,C027,SOFTWARE,5.0,74.13,2024,5,16
P004,509.29,2024-05-16,south,C004,SOFTWARE,4.0,66.28,2024,5,16
P006,100.81,2024-05-16,west,C036,COMPONENTS,3.0,51.16,2024,5,16
P008,391.85,2024-05-16,west,C049,TOOLS,6.0,99.61,2024,5,16
P012,798.7,2024-05-16,north,C006,ELECTRONICS,11.0,53.07,2024,5,16
P005,460.13,2024-05-16,north,C003,COMPONENTS,1.0,42.5,2024,5,16
P005,524.17,2024-05-17,south,C028,SOFTWARE,14.0,75.55,2024,5,17
P006,345.27,2024-05-17,east,C002,COMPONENTS,14.0,89.85,2024,5,17
P011,310.26,2024-05-17,east,C028,MACHINERY,5.0,95.26,2024,5,17
P018,591.7,2024-05-17,south,C021,ELECTRONICS,14.0,43.15,2024,5,17
P010,359.05,2024-05-17,south,C009,COMPONENTS,8.0,26.96,2024,5,17
P018,456.57,2024-05-17,south,C024,TOOLS,9.0,42.21,2024,5,17
P011,128.44,2024-05-17,west,C022,SOFTWARE,14.0,25.23,2024,5,17
P012,577.99,2024-05-17,east,C031,MACHINERY,7.0,11.4,2024,5,17
P017,797.38,2024-05-17,west,C040,TOOLS,17.0,12.7,2024,5,17
P007,293.66,2024-05-18,west,C037,SOFTWARE,11.0,45.86,2024,5,18
P007,904.76,2024-05-18,north,C008,MACHINERY,19.0,15.52,2024,5,18
P015,104.96,2024-05-18,north,C020,SOFTWARE,13.0,59.36,2024,5,18
P013,207.94,2024-05-18,east,C039,ELECTRONICS,17.0,18.7,2024,5,18
P002,910.82,2024-05-18,east,C018,COMPONENTS,3.0,93.61,2024,5,18
P003,698.13,2024-05-19,south,C048,SOFTWARE,7.0,64.23,2024,5,19
P007,238.16,2024-05-19,north,C005,MACHINERY,8.0,59.14,2024,5,19
P003,328.53,2024-05-19,north,C038,ELECTRONICS,4.0,47.16,2024,5,19
P008,397.41,2024-05-19,west,C045,COMPONENTS,6.0,69.73,2024,5,19
P002,744.9,2024-05-19,south,C043,ELECTRONICS,8.0,79.08,2024,5,19
P019,514.54,2024-05-19,south,C014,TOOLS,12.0,61.99,2024,5,19
P003,115.34,2024-05-20,south,C047,TOOLS,17.0,81.45,2024,5,20
P018,197.0,2024-05-20,north,C015,COMPONENTS,7.0,63.56,2024,5,20
P004,903.44,2024-05-20,east,C048,TOOLS,1.0,20.9,2024,5,20
P007,703.22,2024-05-20,north,C007,COMPONENTS,1.0,75.19,2024,5,20
P006,262.73,2024-05-20,west,C017,TOOLS,12.0,67.33,2024,5,20
P002,334.22,2024-05-20,east,C049,TOOLS,9.0,21.46,2024,5,20
P019,759.8,2024-05-20,east,C020,TOOLS,3.0,87.56,2024,5,20
P004,188.31,2024-05-20,south,C008,COMPONENTS,5.0,35.75,2024,5,20
P002,271.77,2024-05-21,west,C049,SOFTWARE,14.0,30.84,2024,5,21
P017,486.75,2024-05-21,east,C001,SOFTWARE,8.0,65.54,2024,5,21
P017,643.62,2024-05-21,south,C027,TOOLS,16.0,88.26,2024,5,21
P011,749.95,2024-05-21,north,C012,SOFTWARE,10.0,57.23,2024,5,21
P011,566.5,2024-05-21,west,C005,ELECTRONICS,16.0,40.46,2024,5,21
P016,375.78,2024-05-21,south,C050,TOOLS,11.0,69.17,2024,5,21
P003,417.89,2024-05-21,north,C045,ELECTRONICS,2.0,86.81,2024,5,21
P012,173.73,2024-05-21,west,C043,SOFTWARE,16.0,52.37,2024,5,21
P019,730.18,2024-05-21,west,C050,COMPONENTS,8.0,55.06,2024,5,21
P012,479.0,2024-05-22,east,C030,MACHINERY,15.0,50.89,2024,5,22
P002,295.45,2024-05-22,west,C038,COMPONENTS,10.0,98.96,2024,5,22
P010,450.5,2024-05-22,east,C031,COMPONENTS,10.0,82.63,2024,5,22
P014,627.55,2024-05-22,south,C046,SOFTWARE,1.0,39.06,2024,5,22
P017,814.06,2024-05-22,west,C027,COMPONENTS,9.0,23.8,2024,5,22
P014,363.59,2024-05-22,south,C025,SOFTWARE,10.0,19.52,2024,5,22
P012,330.91,2024-05-22,east,C022,MACHINERY,6.0,88.64,2024,5,22
P005,183.05,2024-05-22,south,C041,SOFTWARE,4.0,56.86,2024,5,22
P008,514.98,2024-05-22,west,C041,ELECTRONICS,4.0,60.29,2024,5,22
P015,498.58,2024-05-23,north,C033,SOFTWARE,1.0,88.48,2024,5,23
P016,333.22,2024-05-23,west,C002,ELECTRONICS,14.0,57.89,2024,5,23
P018,847.43,2024-05-23,south,C007,COMPONENTS,3.0,11.45,2024,5,23
P007,418.57,2024-05-23,south,C006,COMPONENTS,17.0,41.84,2024,5,23
P015,694.72,2024-05-23,west,C015,ELECTRONICS,5.0,24.27,2024,5,23
P016,169.19,2024-05-23,west,C018,COMPONENTS,16.0,45.08,2024,5,23
P011,586.94,2024-05-23,east,C024,TOOLS,5.0,96.76,2024,5,23
P007,896.33,2024-05-23,north,C017,MACHINERY,11.0,29.85,2024,5,23
P008,935.29,2024-05-24,north,C010,SOFTWARE,18.0,38.61,2024,5,24
P016,470.5,2024-05-24,north,C039,MACHINERY,5.0,70.86,2024,5,24
P012,806.56,2024-05-24,west,C046,COMPONENTS,1.0,50.31,2024,5,24
P016,551.75,2024-05-24,east,C045,MACHINERY,11.0,76.03,2024,5,24
P015,622.07,2024-05-24,south,C027,TOOLS,9.0,95.76,2024,5,24
P017,559.95,2024-05-24,north,C045,TOOLS,3.0,28.3,2024,5,24
P013,771.19,2024-05-24,south,C008,SOFTWARE,9.0,10.53,2024,5,24
P003,944.8,2024-05-24,west,C009,COMPONENTS,5.0,39.9,2024,5,24
P007,984.52,2024-05-24,east,C033,COMPONENTS,10.0,64.19,2024,5,24
P012,946.87,2024-05-24,north,C030,TOOLS,18.0,22.49,2024,5,24
P002,387.65,2024-05-24,west,C040,ELECTRONICS,12.0,55.32,2024,5,24
P016,670.56,2024-05-25,south,C041,MACHINERY,5.0,23.68,2024,5,25
P011,339.14,2024-05-25,south,C022,TOOLS,14.0,51.84,2024,5,25
P012,973.1,2024-05-25,west,C016,MACHINERY,9.0,41.46,2024,5,25
P004,402.51,2024-05-25,east,C045,SOFTWARE,10.0,69.38,2024,5,25
P015,375.64,2024-05-25,south,C006,TOOLS,9.0,28.57,2024,5,25
P015,283.86,2024-05-25,west,C036,SOFTWARE,18.0,68.55,2024,5,25
P018,212.27,2024-05-25,north,C004,ELECTRONICS,12.0,93.41,2024,5,25
P018,431.88,2024-05-26,east,C042,ELECTRONICS,16.0,23.55,2024,5,26
P002,660.24,2024-05-26,north,C016,COMPONENTS,19.0,33.82,2024,5,26
P014,362.48,2024-05-26,south,C009,SOFTWARE,15.0,24.02,2024,5,26
P014,325.67,2024-05-26,east,C001,TOOLS,6.0,74.1,2024,5,26
P010,396.11,2024-05-26,north,C041,MACHINERY,19.0,48.36,2024,5,26
P011,885.63,2024-05-26,south,C002,MACHINERY,7.0,87.04,2024,5,26
P003,538.86,2024-05-26,north,C017,SOFTWARE,10.0,98.67,2024,5,26
P008,872.18,2024-05-27,west,C021,TOOLS,4.0,35.06,2024,5,27
P001,267.67,2024-05-27,east,C037,COMPONENTS,3.0,20.29,2024,5,27
P019,430.94,2024-05-27,west,C012,ELECTRONICS,7.0,73.36,2024,5,27
P001,733.09,2024-05-27,east,C007,ELECTRONICS,13.0,21.07,2024,5,27
P001,547.63,2024-05-27,south,C002,COMPONENTS,12.0,81.39,2024,5,27
P012,790.51,2024-05-27,east,C005,TOOLS,8.0,79.38,2024,5,27
P006,525.48,2024-05-27,north,C032,MACHINERY,1.0,37.93,2024,5,27
P002,342.9,2024-05-27,north,C001,MACHINERY,7.0,78.89,2024,5,27
P006,861.7,2024-05-28,south,C043,MACHINERY,6.0,25.37,2024,5,28
P011,460.59,2024-05-28,north,C006,TOOLS,12.0,12.85,2024,5,28
P008,449.73,2024-05-28,north,C028,TOOLS,15.0,55.13,2024,5,28
P015,643.16,2024-05-28,west,C009,SOFTWARE,15.0,27.89,2024,5,28
P018,178.2,2024-05-28,north,C025,SOFTWARE,2.0,39.84,2024,5,28
P008,299.58,2024-05-28,north,C016,COMPONENTS,2.0,30.75,2024,5,28
P004,457.4,2024-05-28,east,C037,COMPONENTS,3.0,31.29,2024,5,28
P016,805.51,2024-05-28,north,C010,MACHINERY,1.0,21.12,2024,5,28
P017,698.22,2024-05-28,north,C008,TOOLS,9.0,64.97,2024,5,28
P006,854.54,2024-05-28,north,C035,SOFTWARE,18.0,90.41,2024,5,28
P008,811.31,2024-05-29,south,C032,MACHINERY,18.0,44.31,2024,5,29
P008,431.96,2024-05-29,north,C026,SOFTWARE,3.0,62.98,2024,5,29
P018,768.04,2024-05-29,south,C004,TOOLS,16.0,61.99,2024,5,29
P018,252.94,2024-05-29,south,C002,TOOLS,19.0,94.11,2024,5,29
P006,200.19,2024-05-29,south,C020,COMPONENTS,5.0,60.82,2024,5,29
P002,861.68,2024-05-29,south,C048,TOOLS,5.0,25.73,2024,5,29
P005,866.7,2024-05-30,east,C023,TOOLS,8.0,77.24,2024,5,30
P006,611.04,2024-05-30,west,C022,MACHINERY,7.0,96.27,2024,5,30
P014,549.89,2024-05-30,west,C022,TOOLS,10.0,96.31,2024,5,30
P005,536.64,2024-05-30,west,C050,ELECTRONICS,6.0,34.68,2024,5,30
P015,403.81,2024-05-30,east,C004,MACHINERY,4.0,31.42,2024,5,30
P002,557.66,2024-05-30,north,C023,COMPONENTS,3.0,13.44,2024,5,30
P015,914.5,2024-05-30,east,C029,MACHINERY,4.0,81.9,2024,5,30
P011,340.92,2024-05-31,south,C026,MACHINERY,8.0,83.58,2024,5,31
P002,203.57,2024-05-31,north,C011,TOOLS,16.0,78.11,2024,5,31
P006,310.86,2024-05-31,south,C024,MACHINERY,5.0,79.69,2024,5,31
P013,421.18,2024-05-31,south,C025,SOFTWARE,8.0,94.75,2024,5,31
P006,391.25,2024-05-31,west,C010,ELECTRONICS,2.0,68.46,2024,5,31
P002,800.73,2024-05-31,east,C017,SOFTWARE,19.0,67.24,2024,5,31
P011,280.15,2024-05-31,north,C018,COMPONENTS,18.0,37.72,2024,5,31
P007,380.24,2024-05-31,west,C025,ELECTRONICS,15.0,18.4,2024,5,31
P006,650.61,2024-05-31,south,C017,TOOLS,19.0,53.16,2024,5,31
P010,957.62,2024-05-31,south,C040,ELECTRONICS,11.0,82.87,2024,5,31
P008,151.95,2024-05-31,south,C031,TOOLS,1.0,29.78,2024,5,31
P016,517.7,2024-05-31,north,C015,MACHINERY,4.0,88.65,2024,5,31
P005,620.08,2024-05-31,east,C039,TOOLS,16.0,33.45,2024,5,31
P017,706.75,2024-05-31,south,C004,COMPONENTS,7.0,33.31,2024,5,31
P017,760.21,2024-01-06,east,C011,SOFTWARE,1.0,63.05,2024,1,6
P007,472.8,2024-01-06,west,C006,ELECTRONICS,10.0,99.06,2024,1,6
P014,805.16,2024-01-06,east,C042,SOFTWARE,14.0,77.28,2024,1,6
P015,595.52,2024-01-06,north,C010,SOFTWARE,18.0,90.29,2024,1,6
P017,843.7,2024-01-06,north,C004,SOFTWARE,3.0,87.55,2024,1,6
P007,502.85,2024-01-06,east,C028,SOFTWARE,18.0,35.7,2024,1,6
P005,169.14,2024-01-06,south,C031,MACHINERY,3.0,58.02,2024,1,6
P010,314.35,2024-01-06,west,C007,COMPONENTS,11.0,25.22,2024,1,6
P006,538.69,2024-01-06,south,C019,COMPONENTS,5.0,97.3,2024,1,6
P014,542.69,2024-02-06,west,C041,TOOLS,1.0,52.95,2024,2,6
P010,575.28,2024-02-06,west,C006,TOOLS,19.0,34.52,2024,2,6
P001,341.06,2024-02-06,north,C042,TOOLS,13.0,75.81,2024,2,6
P007,142.86,2024-02-06,north,C040,COMPONENTS,6.0,34.64,2024,2,6
P014,276.35,2024-02-06,north,C007,COMPONENTS,9.0,61.07,2024,2,6
P017,980.77,2024-02-06,north,C029,COMPONENTS,1.0,23.48,2024,2,6
P009,539.6,2024-02-06,north,C017,TOOLS,11.0,46.19,2024,2,6
P007,703.64,2024-03-06,west,C046,MACHINERY,14.0,45.0,2024,3,6
P017,245.95,2024-03-06,south,C040,SOFTWARE,5.0,24.48,2024,3,6
P017,857.95,2024-03-06,south,C032,COMPONENTS,2.0,41.15,2024,3,6
P001,371.16,2024-03-06,east,C028,COMPONENTS,3.0,45.4,2024,3,6
P014,735.2,2024-03-06,west,C026,ELECTRONICS,2.0,68.18,2024,3,6
P003,245.1,2024-03-06,south,C024,COMPONENTS,6.0,63.82,2024,3,6
P007,460.04,2024-03-06,east,C024,SOFTWARE,13.0,38.09,2024,3,6
P011,474.21,2024-03-06,south,C042,TOOLS,8.0,60.92,2024,3,6
P011,457.14,2024-03-06,east,C020,ELECTRONICS,17.0,39.12,2024,3,6
P015,315.62,2024-03-06,north,C036,SOFTWARE,9.0,17.13,2024,3,6
P013,527.86,2024-04-06,north,C014,MACHINERY,7.0,88.57,2024,4,6
P009,790.62,2024-04-06,east,C047,SOFTWARE,9.0,35.95,2024,4,6
P016,770.03,2024-04-06,north,C035,COMPONENTS,11.0,60.35,2024,4,6
P006,218.12,2024-04-06,east,C012,TOOLS,19.0,49.09,2024,4,6
P001,214.38,2024-04-06,south,C001,SOFTWARE,17.0,21.79,2024,4,6
P005,430.95,2024-04-06,east,C043,ELECTRONICS,17.0,75.85,2024,4,6
P006,349.81,2024-04-06,north,C028,SOFTWARE,2.0,52.67,2024,4,6
P003,462.11,2024-04-06,west,C025,ELECTRONICS,4.0,91.66,2024,4,6
P009,248.6,2024-04-06,east,C028,ELECTRONICS,14.0,83.22,2024,4,6
P001,112.45,2024-04-06,north,C007,SOFTWARE,7.0,70.24,2024,4,6
P015,293.85,2024-04-06,west,C033,ELECTRONICS,15.0,10.56,2024,4,6
P018,598.98,2024-04-06,south,C038,TOOLS,14.0,36.39,2024,4,6
P010,793.48,2024-04-06,south,C024,COMPONENTS,10.0,32.8,2024,4,6
P012,338.55,2024-04-06,north,C038,MACHINERY,9.0,72.47,2024,4,6
P015,770.88,2024-05-06,south,C034,SOFTWARE,10.0,49.82,2024,5,6
P013,575.52,2024-05-06,east,C036,ELECTRONICS,2.0,50.84,2024,5,6
P017,761.87,2024-05-06,west,C017,COMPONENTS,16.0,15.51,2024,5,6
P002,729.27,2024-05-06,north,C022,ELECTRONICS,13.0,97.9,2024,5,6
P003,898.48,2024-05-06,east,C047,COMPONENTS,19.0,94.76,2024,5,6
P004,911.66,2024-05-06,north,C047,SOFTWARE,4.0,95.84,2024,5,6
P012,687.02,2024-05-06,north,C041,ELECTRONICS,3.0,55.11,2024,5,6
P011,656.78,2024-06-06,south,C027,MACHINERY,9.0,38.87,2024,6,6
P003,402.68,2024-06-06,east,C028,MACHINERY,18.0,11.92,2024,6,6
P004,270.62,2024-06-06,east,C050,SOFTWARE,5.0,10.92,2024,6,6
P018,289.59,2024-06-06,west,C017,ELECTRONICS,14.0,67.21,2024,6,6
P003,920.79,2024-06-06,north,C030,SOFTWARE,3.0,16.3,2024,6,6
P015,546.13,2024-06-06,west,C010,COMPONENTS,5.0,33.92,2024,6,6
P008,993.11,2024-06-06,north,C008,SOFTWARE,5.0,22.64,2024,6,6
P011,871.76,2024-06-06,north,C027,MACHINERY,3.0,10.08,2024,6,6
P016,366.51,2024-06-06,north,C046,TOOLS,1.0,10.74,2024,6,6
P012,677.37,2024-07-06,west,C001,ELECTRONICS,5.0,34.2,2024,7,6
P018,469.29,2024-07-06,south,C005,TOOLS,2.0,11.27,2024,7,6
P015,999.94,2024-07-06,north,C021,MACHINERY,4.0,88.77,2024,7,6
P009,436.18,2024-07-06,west,C009,TOOLS,9.0,38.33,2024,7,6
P019,435.63,2024-07-06,west,C032,COMPONENTS,6.0,59.9,2024,7,6
P005,983.85,2024-08-06,south,C045,TOOLS,13.0,70.43,2024,8,6
P007,705.93,2024-08-06,north,C020,SOFTWARE,11.0,64.66,2024,8,6
P013,512.64,2024-08-06,east,C040,MACHINERY,16.0,80.39,2024,8,6
P012,732.71,2024-08-06,east,C013,ELECTRONICS,1.0,79.35,2024,8,6
P007,978.26,2024-08-06,west,C025,MACHINERY,6.0,85.83,2024,8,6
P015,476.91,2024-08-06,west,C010,SOFTWARE,2.0,82.32,2024,8,6
P001,598.78,2024-08-06,south,C048,MACHINERY,13.0,52.7,2024,8,6
P004,122.79,2024-08-06,east,C010,TOOLS,14.0,76.48,2024,8,6
P018,119.32,2024-08-06,south,C004,TOOLS,15.0,72.76,2024,8,6
P007,434.38,2024-08-06,east,C001,COMPONENTS,18.0,60.94,2024,8,6
P012,384.31,2024-09-06,west,C036,SOFTWARE,6.0,35.9,2024,9,6
P012,766.3,2024-09-06,south,C015,SOFTWARE,19.0,38.93,2024,9,6
P005,552.42,2024-09-06,north,C012,ELECTRONICS,19.0,24.87,2024,9,6
P020,268.7,2024-09-06,north,C039,ELECTRONICS,15.0,92.84,2024,9,6
P014,553.13,2024-09-06,east,C024,ELECTRONICS,14.0,43.53,2024,9,6
P001,210.18,2024-09-06,west,C047,SOFTWARE,9.0,59.83,2024,9,6
P002,931.29,2024-09-06,north,C005,COMPONENTS,4.0,31.94,2024,9,6
P007,417.91,2024-10-06,east,C004,ELECTRONICS,11.0,21.93,2024,10,6
P002,297.9,2024-10-06,south,C015,TOOLS,4.0,14.01,2024,10,6
P008,821.26,2024-10-06,north,C044,ELECTRONICS,1.0,10.27,2024,10,6
P018,634.26,2024-10-06,south,C045,ELECTRONICS,4.0,27.97,2024,10,6
P004,162.44,2024-10-06,south,C021,SOFTWARE,9.0,89.84,2024,10,6
P013,141.6,2024-10-06,west,C010,MACHINERY,7.0,31.29,2024,10,6
P005,315.92,2024-10-06,west,C048,MACHINERY,4.0,74.95,2024,10,6
P009,110.99,2024-10-06,east,C022,TOOLS,8.0,47.48,2024,10,6
P003,486.01,2024-10-06,south,C029,ELECTRONICS,14.0,44.73,2024,10,6
P014,370.14,2024-10-06,east,C024,TOOLS,14.0,31.55,2024,10,6
P007,242.22,2024-10-06,south,C027,TOOLS,4.0,48.85,2024,10,6
P006,190.23,2024-11-06,east,C001,ELECTRONICS,14.0,60.67,2024,11,6
P019,495.91,2024-11-06,west,C013,TOOLS,4.0,43.23,2024,11,6
P013,129.83,2024-11-06,west,C048,TOOLS,14.0,83.6,2024,11,6
P007,392.79,2024-11-06,south,C036,COMPONENTS,15.0,93.69,2024,11,6
P015,266.32,2024-11-06,south,C020,TOOLS,11.0,18.71,2024,11,6
P002,943.74,2024-11-06,south,C026,MACHINERY,16.0,79.42,2024,11,6
P012,655.14,2024-11-06,south,C044,COMPONENTS,10.0,97.36,2024,11,6
P016,652.6,2024-11-06,south,C038,SOFTWARE,10.0,88.9,2024,11,6
P009,727.97,2024-11-06,north,C013,ELECTRONICS,19.0,71.7,2024,11,6
P013,610.21,2024-11-06,south,C046,SOFTWARE,1.0,64.94,2024,11,6
P004,598.75,2024-12-06,south,C034,ELECTRONICS,2.0,61.67,2024,12,6
P006,699.17,2024-12-06,south,C004,COMPONENTS,3.0,22.43,2024,12,6
P002,515.63,2024-12-06,north,C010,SOFTWARE,17.0,34.06,2024,12,6
P010,609.57,2024-12-06,north,C022,MACHINERY,12.0,43.99,2024,12,6
P013,317.84,2024-12-06,north,C037,TOOLS,11.0,11.71,2024,12,6
P012,567.07,2024-12-06,south,C030,ELECTRONICS,4.0,19.61,2024,12,6
P002,278.12,2024-12-06,south,C037,SOFTWARE,6.0,10.74,2024,12,6
P004,941.67,2024-12-06,south,C041,ELECTRONICS,1.0,76.01,2024,12,6
P009,142.31,2024-12-06,east,C001,TOOLS,13.0,49.45,2024,12,6
P016,790.85,2024-12-06,south,C033,COMPONENTS,1.0,88.86,2024,12,6
P007,246.01,2024-12-06,west,C006,COMPONENTS,11.0,79.86,2024,12,6
P018,929.55,2024-12-06,north,C035,MACHINERY,7.0,95.07,2024,12,6
P013,658.33,2024-06-13,west,C023,MACHINERY,8.0,76.13,2024,6,13
P018,343.0,2024-06-13,north,C012,COMPONENTS,13.0,27.63,2024,6,13
P013,540.55,2024-06-13,south,C042,ELECTRONICS,14.0,44.44,2024,6,13
P019,860.25,2024-06-13,west,C045,ELECTRONICS,17.0,79.29,2024,6,13
P013,676.61,2024-06-13,south,C039,ELECTRONICS,13.0,44.96,2024,6,13
P001,179.1,2024-06-13,east,C030,ELECTRONICS,1.0,66.39,2024,6,13
P019,578.75,2024-06-13,west,C009,TOOLS,11.0,95.52,2024,6,13
P017,437.05,2024-06-13,south,C003,COMPONENTS,12.0,52.83,2024,6,13
P016,822.71,2024-06-13,south,C023,SOFTWARE,3.0,46.87,2024,6,13
P015,245.01,2024-06-14,east,C031,COMPONENTS,12.0,58.01,2024,6,14
P003,616.06,2024-06-14,east,C028,MACHINERY,7.0,49.27,2024,6,14
P012,389.7,2024-06-14,south,C014,ELECTRONICS,8.0,18.4,2024,6,14
P007,672.31,2024-06-14,east,C003,COMPONENTS,10.0,16.74,2024,6,14
P011,230.12,2024-06-14,south,C036,ELECTRONICS,5.0,26.17,2024,6,14
P018,511.66,2024-06-14,south,C048,ELECTRONICS,9.0,60.37,2024,6,14
P016,104.69,2024-06-14,north,C048,TOOLS,17.0,71.17,2024,6,14
P009,885.75,2024-06-14,north,C015,TOOLS,2.0,99.11,2024,6,14
P014,616.93,2024-06-14,north,C001,ELECTRONICS,1.0,45.57,2024,6,14
P005,401.58,2024-06-15,south,C039,COMPONENTS,19.0,53.0,2024,6,15
P016,853.48,2024-06-15,west,C035,SOFTWARE,1.0,86.48,2024,6,15
P013,680.96,2024-06-15,east,C008,TOOLS,8.0,57.51,2024,6,15
P004,767.61,2024-06-15,west,C003,SOFTWARE,8.0,29.05,2024,6,15
P004,597.67,2024-06-15,east,C005,SOFTWARE,12.0,28.01,2024,6,15
P007,671.86,2024-06-15,south,C023,ELECTRONICS,6.0,26.39,2024,6,15
P013,960.88,2024-06-15,north,C009,TOOLS,12.0,70.85,2024,6,15
P003,321.07,2024-06-15,east,C049,ELECTRONICS,19.0,85.19,2024,6,15
P005,968.63,2024-06-15,west,C028,TOOLS,3.0,24.43,2024,6,15
P013,632.78,2024-06-15,south,C049,MACHINERY,16.0,65.41,2024,6,15
P020,996.14,2024-06-15,east,C031,COMPONENTS,1.0,82.46,2024,6,15
P014,287.31,2024-06-15,north,C036,MACHINERY,18.0,40.33,2024,6,15
P002,658.77,2024-06-16,north,C023,COMPONENTS,13.0,63.17,2024,6,16
P013,340.52,2024-06-16,east,C041,COMPONENTS,1.0,60.3,2024,6,16
P007,697.11,2024-06-16,north,C037,COMPONENTS,7.0,83.14,2024,6,16
P004,239.6,2024-06-16,west,C050,TOOLS,18.0,36.72,2024,6,16
P013,678.39,2024-06-16,north,C010,TOOLS,7.0,79.75,2024,6,16
P013,601.05,2024-06-16,north,C040,COMPONENTS,7.0,53.35,2024,6,16
P019,550.73,2024-06-16,south,C038,MACHINERY,19.0,39.38,2024,6,16
P013,100.07,2024-06-16,north,C033,SOFTWARE,13.0,29.12,2024,6,16
P006,366.32,2024-06-16,east,C006,COMPONENTS,19.0,59.25,2024,6,16
P002,586.74,2024-06-16,south,C027,SOFTWARE,9.0,62.49,2024,6,16
P006,871.17,2024-06-16,south,C048,MACHINERY,18.0,70.25,2024,6,16
P007,398.41,2024-06-16,west,C035,SOFTWARE,5.0,69.2,2024,6,16
P018,796.29,2024-06-16,east,C020,TOOLS,16.0,65.04,2024,6,16
P004,245.61,2024-06-17,north,C037,MACHINERY,13.0,50.85,2024,6,17
P005,637.12,2024-06-17,north,C019,TOOLS,8.0,33.58,2024,6,17
P009,942.19,2024-06-17,south,C044,SOFTWARE,16.0,21.16,2024,6,17
P001,371.31,2024-06-17,west,C029,ELECTRONICS,12.0,38.44,2024,6,17
P003,181.6,2024-06-17,north,C008,MACHINERY,16.0,49.55,2024,6,17
P020,276.27,2024-06-17,south,C045,ELECTRONICS,4.0,56.76,2024,6,17
P003,269.12,2024-06-17,south,C014,COMPONENTS,10.0,87.52,2024,6,17
P015,298.04,2024-06-17,west,C028,ELECTRONICS,5.0,32.42,2024,6,17
P008,730.78,2024-06-17,south,C042,TOOLS,8.0,12.53,2024,6,17
P007,222.43,2024-06-17,east,C040,TOOLS,4.0,31.28,2024,6,17
P006,341.35,2024-06-17,west,C011,SOFTWARE,18.0,17.91,2024,6,17
P016,220.11,2024-06-18,west,C038,SOFTWARE,4.0,59.07,2024,6,18
P004,320.49,2024-06-18,east,C021,COMPONENTS,9.0,77.86,2024,6,18
P018,585.9,2024-06-18,west,C030,TOOLS,4.0,51.16,2024,6,18
P017,334.84,2024-06-18,north,C048,MACHINERY,12.0,57.77,2024,6,18
P001,950.22,2024-06-18,north,C024,COMPONENTS,16.0,82.05,2024,6,18
P013,208.23,2024-06-18,south,C020,ELECTRONICS,6.0,60.23,2024,6,18
P003,136.31,2024-06-18,east,C028,MACHINERY,6.0,96.87,2024,6,18
P020,439.98,2024-06-19,south,C005,COMPONENTS,8.0,20.79,2024,6,19
P005,526.7,2024-06-19,south,C048,ELECTRONICS,13.0,36.34,2024,6,19
P006,195.29,2024-06-19,north,C010,MACHINERY,18.0,34.4,2024,6,19
P012,677.43,2024-06-19,west,C044,SOFTWARE,18.0,85.73,2024,6,19
P002,319.57,2024-06-19,north,C008,TOOLS,13.0,55.75,2024,6,19
P013,327.09,2024-06-19,east,C010,ELECTRONICS,19.0,84.5,2024,6,19
P019,502.76,2024-06-19,south,C047,TOOLS,7.0,40.8,2024,6,19
P018,199.3,2024-06-19,west,C017,ELECTRONICS,10.0,25.81,2024,6,19
P019,622.79,2024-06-19,south,C027,TOOLS,12.0,62.77,2024,6,19
P001,317.85,2024-06-20,north,C047,ELECTRONICS,9.0,32.79,2024,6,20
P020,483.95,2024-06-20,north,C019,TOOLS,6.0,14.61,2024,6,20
P020,410.87,2024-06-20,west,C046,SOFTWARE,11.0,73.91,2024,6,20
P001,611.34,2024-06-20,south,C011,TOOLS,2.0,68.47,2024,6,20
P009,661.83,2024-06-20,east,C028,ELECTRONICS,2.0,48.61,2024,6,20
P002,137.63,2024-06-20,south,C049,TOOLS,14.0,85.1,2024,6,20
P017,767.33,2024-06-20,south,C007,TOOLS,2.0,62.42,2024,6,20
P015,275.1,2024-06-20,west,C040,COMPONENTS,13.0,57.13,2024,6,20
P002,661.87,2024-06-20,south,C025,ELECTRONICS,8.0,83.93,2024,6,20
P018,534.96,2024-06-20,south,C008,TOOLS,9.0,25.75,2024,6,20
P001,386.46,2024-06-20,east,C033,ELECTRONICS,11.0,37.38,2024,6,20
P014,937.79,2024-06-21,west,C027,COMPONENTS,1.0,42.95,2024,6,21
P012,853.13,2024-06-21,north,C015,ELECTRONICS,4.0,79.66,2024,6,21
P007,418.17,2024-06-21,north,C004,ELECTRONICS,7.0,76.29,2024,6,21
P019,585.48,2024-06-21,south,C048,ELECTRONICS,10.0,75.27,2024,6,21
P017,185.65,2024-06-21,west,C005,MACHINERY,8.0,22.32,2024,6,21
P002,949.31,2024-06-21,south,C041,TOOLS,7.0,37.22,2024,6,21
P013,435.88,2024-06-21,east,C021,MACHINERY,14.0,10.17,2024,6,21
P010,810.78,2024-06-21,west,C004,TOOLS,9.0,88.88,2024,6,21
P014,986.55,2024-06-21,east,C013,TOOLS,5.0,62.28,2024,6,21
P008,551.14,2024-06-21,east,C010,COMPONENTS,16.0,71.76,2024,6,21
P012,628.52,2024-06-22,east,C012,MACHINERY,9.0,65.53,2024,6,22
P002,549.66,2024-06-22,north,C050,MACHINERY,1.0,30.64,2024,6,22
P007,465.46,2024-06-22,east,C043,SOFTWARE,10.0,96.02,2024,6,22
P008,204.28,2024-06-22,south,C031,COMPONENTS,6.0,60.87,2024,6,22
P006,850.06,2024-06-22,east,C024,TOOLS,6.0,93.9,2024,6,22
P008,931.58,2024-06-22,west,C049,TOOLS,10.0,46.9,2024,6,22
P013,569.84,2024-06-23,north,C029,SOFTWARE,4.0,45.87,2024,6,23
P010,422.87,2024-06-23,north,C005,TOOLS,14.0,40.4,2024,6,23
P016,563.0,2024-06-23,west,C023,MACHINERY,18.0,86.06,2024,6,23
P015,624.28,2024-06-23,north,C021,SOFTWARE,13.0,29.3,2024,6,23
P005,126.23,2024-06-23,north,C001,SOFTWARE,18.0,36.31,2024,6,23
P009,817.57,2024-06-23,east,C004,TOOLS,1.0,33.01,2024,6,23
P002,392.12,2024-06-23,east,C005,TOOLS,18.0,49.17,2024,6,23
P002,941.64,2024-06-23,east,C043,SOFTWARE,6.0,75.73,2024,6,23
P009,716.96,2024-06-23,south,C033,MACHINERY,1.0,39.98,2024,6,23
P015,218.54,2024-06-24,north,C030,TOOLS,19.0,97.07,2024,6,24
P006,536.96,2024-06-24,east,C042,TOOLS,1.0,96.89,2024,6,24
P003,599.18,2024-06-24,south,C036,SOFTWARE,19.0,22.7,2024,6,24
P003,749.45,2024-06-24,east,C005,COMPONENTS,4.0,57.58,2024,6,24
P020,639.47,2024-06-24,south,C015,MACHINERY,18.0,24.22,2024,6,24
P018,507.0,2024-06-24,west,C041,TOOLS,17.0,75.16,2024,6,24
P010,697.0,2024-06-24,west,C018,TOOLS,4.0,39.51,2024,6,24
P004,608.82,2024-06-24,south,C029,COMPONENTS,13.0,30.74,2024,6,24
P015,301.62,2024-06-24,south,C014,TOOLS,4.0,22.69,2024,6,24
P020,373.77,2024-06-24,east,C032,ELECTRONICS,14.0,78.58,2024,6,24
P019,292.48,2024-06-24,east,C016,SOFTWARE,2.0,86.09,2024,6,24
P019,692.85,2024-06-25,north,C046,TOOLS,12.0,70.57,2024,6,25
P018,459.2,2024-06-25,east,C006,ELECTRONICS,7.0,79.24,2024,6,25
P002,576.19,2024-06-25,east,C032,TOOLS,9.0,98.49,2024,6,25
P018,155.56,2024-06-25,north,C012,SOFTWARE,4.0,10.35,2024,6,25
P009,714.6,2024-06-25,east,C026,ELECTRONICS,10.0,86.19,2024,6,25
P005,664.35,2024-06-25,north,C019,ELECTRONICS,15.0,21.72,2024,6,25
P004,173.5,2024-06-25,east,C004,SOFTWARE,1.0,81.15,2024,6,25
P015,911.35,2024-06-25,south,C013,COMPONENTS,3.0,20.82,2024,6,25
P020,341.13,2024-06-25,south,C015,COMPONENTS,14.0,11.06,2024,6,25
P011,769.27,2024-06-25,south,C033,SOFTWARE,18.0,55.22,2024,6,25
P015,582.29,2024-06-25,west,C042,TOOLS,10.0,61.95,2024,6,25
P010,403.72,2024-06-25,north,C032,MACHINERY,18.0,91.7,2024,6,25
P002,319.37,2024-06-25,south,C017,TOOLS,9.0,56.33,2024,6,25
P012,338.96,2024-06-25,south,C026,ELECTRONICS,6.0,46.92,2024,6,25
P002,366.09,2024-06-26,south,C002,MACHINERY,9.0,13.85,2024,6,26
P004,427.33,2024-06-26,north,C045,ELECTRONICS,5.0,18.25,2024,6,26
P013,573.85,2024-06-26,east,C029,ELECTRONICS,5.0,49.63,2024,6,26
P013,619.79,2024-06-26,south,C025,SOFTWARE,13.0,12.29,2024,6,26
P001,613.0,2024-06-26,south,C021,COMPONENTS,18.0,75.8,2024,6,26
P004,552.41,2024-06-26,south,C044,COMPONENTS,2.0,50.31,2024,6,26
P010,197.01,2024-06-26,north,C049,COMPONENTS,12.0,88.32,2024,6,26
P016,628.97,2024-06-27,east,C032,COMPONENTS,3.0,64.01,2024,6,27
P015,211.95,2024-06-27,north,C004,MACHINERY,2.0,39.58,2024,6,27
P003,859.06,2024-06-27,north,C011,COMPONENTS,7.0,21.76,2024,6,27
P007,228.95,2024-06-27,south,C031,SOFTWARE,18.0,14.48,2024,6,27
P004,772.24,2024-06-27,east,C031,TOOLS,11.0,69.79,2024,6,27
P017,287.59,2024-06-27,west,C008,ELECTRONICS,16.0,69.56,2024,6,27
P009,253.43,2024-06-28,east,C003,TOOLS,5.0,77.23,2024,6,28
P015,822.2,2024-06-28,north,C045,MACHINERY,13.0,71.88,2024,6,28
P005,802.32,2024-06-28,west,C026,SOFTWARE,13.0,35.57,2024,6,28
P003,709.48,2024-06-28,west,C032,ELECTRONICS,5.0,70.01,2024,6,28
P008,515.07,2024-06-28,east,C035,MACHINERY,1.0,16.83,2024,6,28
P013,275.79,2024-06-28,east,C043,SOFTWARE,18.0,87.29,2024,6,28
P014,733.74,2024-06-28,east,C017,ELECTRONICS,2.0,33.53,2024,6,28
P015,693.02,2024-06-28,west,C048,COMPONENTS,16.0,76.28,2024,6,28
P011,155.69,2024-06-29,west,C027,ELECTRONICS,10.0,25.31,2024,6,29
P017,805.59,2024-06-29,north,C016,MACHINERY,9.0,47.18,2024,6,29
P018,263.65,2024-06-29,south,C033,MACHINERY,13.0,34.89,2024,6,29
P011,447.06,2024-06-29,south,C050,ELECTRONICS,6.0,28.24,2024,6,29
P020,207.53,2024-06-29,west,C024,SOFTWARE,11.0,86.81,2024,6,29
P009,157.58,2024-06-29,east,C026,SOFTWARE,16.0,20.37,2024,6,29
P002,649.63,2024-06-29,north,C016,COMPONENTS,3.0,37.4,2024,6,29
P009,204.29,2024-06-29,west,C040,MACHINERY,6.0,85.79,2024,6,29
P015,599.06,2024-06-30,east,C018,COMPONENTS,19.0,61.47,2024,6,30
P020,101.19,2024-06-30,east,C015,COMPONENTS,10.0,46.48,2024,6,30
P017,586.75,2024-06-30,north,C045,SOFTWARE,16.0,35.35,2024,6,30
P004,860.23,2024-06-30,north,C016,COMPONENTS,10.0,78.58,2024,6,30
P018,813.76,2024-06-30,west,C049,TOOLS,12.0,44.37,2024,6,30
P002,905.38,2024-06-30,west,C015,COMPONENTS,19.0,62.89,2024,6,30
P013,580.0,2024-06-30,west,C002,COMPONENTS,7.0,94.93,2024,6,30
P012,765.44,2024-06-30,west,C012,MACHINERY,16.0,31.66,2024,6,30
P019,835.86,2024-06-30,south,C030,ELECTRONICS,19.0,76.19,2024,6,30
P011,987.09,2024-06-30,west,C042,COMPONENTS,1.0,49.63,2024,6,30
P018,215.79,2024-06-30,east,C029,COMPONENTS,5.0,10.18,2024,6,30
P013,592.92,2024-06-30,north,C047,ELECTRONICS,2.0,62.9,2024,6,30
P009,204.29,2024-06-29,west,C040,MACHINERY,6.0,85.79,2024,6,29
P018,122.67,2024-04-26,east,C006,MACHINERY,18.0,28.02,2024,4,26
P015,895.92,2024-04-25,west,C044,TOOLS,11.0,67.89,2024,4,25
P009,253.43,2024-06-28,east,C003,TOOLS,5.0,77.23,2024,6,28
P011,430.73,2024-04-23,west,C015,COMPONENTS,2.0,39.1,2024,4,23
